/* Generated by art/make_font.py from JetBrains Mono (SIL Open Font License 1.1,
 * github.com/JetBrains/JetBrainsMono): characters 32..255, 16x32, 2 bits per
 * pixel, first pixel in bits 0-1. The license ships as USRDIR/OFL.txt. */
#define size_font 28672

unsigned char font[28672] = {
    0x00, 0x00, 0x00, 0x00, 0x00, 0x00, 0x00, 0x00, 0x00, 0x00, 0x00, 0x00, 0x00, 0x00, 0x00, 0x00,
    0x00, 0x00, 0x00, 0x00, 0x00, 0x00, 0x00, 0x00, 0x00, 0x00, 0x00, 0x00, 0x00, 0x00, 0x00, 0x00,
    0x00, 0x00, 0x00, 0x00, 0x00, 0x00, 0x00, 0x00, 0x00, 0x00, 0x00, 0x00, 0x00, 0x00, 0x00, 0x00,
    0x00, 0x00, 0x00, 0x00, 0x00, 0x00, 0x00, 0x00, 0x00, 0x00, 0x00, 0x00, 0x00, 0x00, 0x00, 0x00,
    0x00, 0x00, 0x00, 0x00, 0x00, 0x00, 0x00, 0x00, 0x00, 0x00, 0x00, 0x00, 0x00, 0x00, 0x00, 0x00,
    0x00, 0x00, 0x00, 0x00, 0x00, 0x00, 0x00, 0x00, 0x00, 0x00, 0x00, 0x00, 0x00, 0x00, 0x00, 0x00,
    0x00, 0x00, 0x00, 0x00, 0x00, 0x00, 0x00, 0x00, 0x00, 0x00, 0x00, 0x00, 0x00, 0x00, 0x00, 0x00,
    0x00, 0x00, 0x00, 0x00, 0x00, 0x00, 0x00, 0x00, 0x00, 0x00, 0x00, 0x00, 0x00, 0x00, 0x00, 0x00,
    0x00, 0x00, 0x00, 0x00, 0x00, 0x00, 0x00, 0x00, 0x00, 0x00, 0x00, 0x00, 0x00, 0x00, 0x00, 0x00,
    0x00, 0x00, 0x00, 0x00, 0x00, 0x00, 0x00, 0x00, 0x00, 0xf0, 0x03, 0x00, 0x00, 0xf0, 0x03, 0x00,
    0x00, 0xf0, 0x03, 0x00, 0x00, 0xf0, 0x03, 0x00, 0x00, 0xf0, 0x03, 0x00, 0x00, 0xf0, 0x03, 0x00,
    0x00, 0xf0, 0x03, 0x00, 0x00, 0xf0, 0x03, 0x00, 0x00, 0xf0, 0x03, 0x00, 0x00, 0xf0, 0x03, 0x00,
    0x00, 0xf0, 0x03, 0x00, 0x00, 0xf0, 0x03, 0x00, 0x00, 0x00, 0x00, 0x00, 0x00, 0x00, 0x00, 0x00,
    0x00, 0x00, 0x00, 0x00, 0x00, 0x90, 0x06, 0x00, 0x00, 0xf0, 0x0f, 0x00, 0x00, 0xe0, 0x0b, 0x00,
    0x00, 0x00, 0x00, 0x00, 0x00, 0x00, 0x00, 0x00, 0x00, 0x00, 0x00, 0x00, 0x00, 0x00, 0x00, 0x00,
    0x00, 0x00, 0x00, 0x00, 0x00, 0x00, 0x00, 0x00, 0x00, 0x00, 0x00, 0x00, 0x00, 0x00, 0x00, 0x00,
    0x00, 0x00, 0x00, 0x00, 0x00, 0x00, 0x00, 0x00, 0x00, 0x00, 0x00, 0x00, 0x00, 0x00, 0x00, 0x00,
    0x00, 0x00, 0x00, 0x00, 0x00, 0x00, 0x00, 0x00, 0x00, 0x3f, 0xfc, 0x00, 0x00, 0x3f, 0xfc, 0x00,
    0x00, 0x3f, 0xfc, 0x00, 0x00, 0x3f, 0xfc, 0x00, 0x00, 0x3f, 0xf8, 0x00, 0x00, 0x3e, 0xf8, 0x00,
    0x00, 0x3e, 0xf8, 0x00, 0x00, 0x00, 0x00, 0x00, 0x00, 0x00, 0x00, 0x00, 0x00, 0x00, 0x00, 0x00,
    0x00, 0x00, 0x00, 0x00, 0x00, 0x00, 0x00, 0x00, 0x00, 0x00, 0x00, 0x00, 0x00, 0x00, 0x00, 0x00,
    0x00, 0x00, 0x00, 0x00, 0x00, 0x00, 0x00, 0x00, 0x00, 0x00, 0x00, 0x00, 0x00, 0x00, 0x00, 0x00,
    0x00, 0x00, 0x00, 0x00, 0x00, 0x00, 0x00, 0x00, 0x00, 0x00, 0x00, 0x00, 0x00, 0x00, 0x00, 0x00,
    0x00, 0x00, 0x00, 0x00, 0x00, 0x00, 0x00, 0x00, 0x00, 0x00, 0x00, 0x00, 0x00, 0x00, 0x00, 0x00,
    0x00, 0x00, 0x00, 0x00, 0x00, 0x00, 0x00, 0x00, 0x00, 0x00, 0x00, 0x00, 0x00, 0x00, 0x00, 0x00,
    0x00, 0x00, 0x00, 0x00, 0x00, 0x00, 0x00, 0x00, 0x00, 0xe0, 0x41, 0x0b, 0x00, 0xf0, 0x80, 0x07,
    0x00, 0xf0, 0xc0, 0x03, 0x00, 0xb4, 0xc0, 0x03, 0xc0, 0xff, 0xff, 0x3f, 0xc0, 0xff, 0xff, 0x3f,
    0x80, 0xbe, 0xfa, 0x2a, 0x00, 0x3c, 0xe0, 0x01, 0x00, 0x3c, 0xe0, 0x01, 0x00, 0x2d, 0xf0, 0x00,
    0x00, 0x2d, 0xf4, 0x00, 0xf0, 0xff, 0xff, 0x0f, 0xf0, 0xff, 0xff, 0x0f, 0xa0, 0xaf, 0xbe, 0x0a,
    0x00, 0x0f, 0x78, 0x00, 0x40, 0x0b, 0x3c, 0x00, 0x40, 0x0b, 0x3c, 0x00, 0x80, 0x07, 0x2d, 0x00,
    0x00, 0x00, 0x00, 0x00, 0x00, 0x00, 0x00, 0x00, 0x00, 0x00, 0x00, 0x00, 0x00, 0x00, 0x00, 0x00,
    0x00, 0x00, 0x00, 0x00, 0x00, 0x00, 0x00, 0x00, 0x00, 0x00, 0x00, 0x00, 0x00, 0x00, 0x00, 0x00,
    0x00, 0x00, 0x00, 0x00, 0x00, 0x80, 0x01, 0x00, 0x00, 0xc0, 0x03, 0x00, 0x00, 0xc0, 0x03, 0x00,
    0x00, 0xc0, 0x03, 0x00, 0x00, 0xf9, 0x2f, 0x00, 0x80, 0xff, 0xbf, 0x00, 0xd0, 0xef, 0xff, 0x01,
    0xe0, 0xcb, 0xf7, 0x02, 0xf0, 0xc3, 0xf3, 0x03, 0xf0, 0xc3, 0x03, 0x00, 0xe0, 0xc7, 0x03, 0x00,
    0xd0, 0xdf, 0x03, 0x00, 0x80, 0xff, 0x1b, 0x00, 0x00, 0xfe, 0xbf, 0x00, 0x00, 0xe4, 0xff, 0x02,
    0x00, 0xc0, 0xfb, 0x07, 0x00, 0xc0, 0xe3, 0x0b, 0x00, 0xc0, 0xc3, 0x0f, 0xf0, 0xc3, 0xc3, 0x0f,
    0xe0, 0xcb, 0xe3, 0x0b, 0xd0, 0xff, 0xff, 0x03, 0x40, 0xff, 0xff, 0x01, 0x00, 0xe8, 0x1b, 0x00,
    0x00, 0xc0, 0x03, 0x00, 0x00, 0xc0, 0x03, 0x00, 0x00, 0xc0, 0x03, 0x00, 0x00, 0x00, 0x00, 0x00,
    0x00, 0x00, 0x00, 0x00, 0x00, 0x00, 0x00, 0x00, 0x00, 0x00, 0x00, 0x00, 0x00, 0x00, 0x00, 0x00,
    0x00, 0x00, 0x00, 0x00, 0x00, 0x00, 0x00, 0x00, 0x00, 0x00, 0x00, 0x00, 0x00, 0x00, 0x00, 0x00,
    0x00, 0x00, 0x00, 0x00, 0x00, 0x00, 0x00, 0x00, 0x40, 0x7f, 0x00, 0xf0, 0xd0, 0xff, 0x01, 0x78,
    0xf0, 0xd1, 0x03, 0x2e, 0xf0, 0xc0, 0x43, 0x0f, 0xf0, 0xc0, 0xc3, 0x07, 0xf0, 0xd1, 0xe3, 0x01,
    0xd0, 0xff, 0xb5, 0x00, 0x40, 0x7f, 0x3c, 0x00, 0x00, 0x00, 0x1e, 0x00, 0x00, 0x40, 0x0b, 0x00,
    0x00, 0xc0, 0xd3, 0x1b, 0x00, 0xe0, 0xf9, 0x7f, 0x00, 0xb8, 0x7c, 0xf4, 0x00, 0x3d, 0x3c, 0xf0,
    0x00, 0x1f, 0x3c, 0xf0, 0x80, 0x0b, 0x7c, 0xf4, 0xd0, 0x02, 0xf8, 0x7f, 0xf0, 0x00, 0xd0, 0x1f,
    0x00, 0x00, 0x00, 0x00, 0x00, 0x00, 0x00, 0x00, 0x00, 0x00, 0x00, 0x00, 0x00, 0x00, 0x00, 0x00,
    0x00, 0x00, 0x00, 0x00, 0x00, 0x00, 0x00, 0x00, 0x00, 0x00, 0x00, 0x00, 0x00, 0x00, 0x00, 0x00,
    0x00, 0x00, 0x00, 0x00, 0x00, 0x00, 0x00, 0x00, 0x00, 0x00, 0x00, 0x00, 0x00, 0x00, 0x00, 0x00,
    0x00, 0x00, 0x00, 0x00, 0x00, 0x00, 0x00, 0x00, 0x00, 0xe8, 0x1b, 0x00, 0x00, 0xff, 0xbf, 0x00,
    0x80, 0xbf, 0xfe, 0x01, 0xc0, 0x1f, 0xf4, 0x02, 0xc0, 0x0f, 0x50, 0x01, 0x80, 0x1f, 0x00, 0x00,
    0x00, 0x2f, 0x00, 0x00, 0x00, 0xbe, 0x00, 0x00, 0xc0, 0xff, 0x01, 0x00, 0xe0, 0xfb, 0x43, 0x2f,
    0xf0, 0xd3, 0x8b, 0x0f, 0xf0, 0x43, 0xef, 0x0b, 0xf0, 0x03, 0xfe, 0x03, 0xf0, 0x03, 0xfc, 0x02,
    0xf0, 0x07, 0xfd, 0x02, 0xe0, 0xaf, 0xff, 0x07, 0xc0, 0xff, 0x9f, 0x0f, 0x00, 0xfe, 0x42, 0x2f,
    0x00, 0x00, 0x00, 0x00, 0x00, 0x00, 0x00, 0x00, 0x00, 0x00, 0x00, 0x00, 0x00, 0x00, 0x00, 0x00,
    0x00, 0x00, 0x00, 0x00, 0x00, 0x00, 0x00, 0x00, 0x00, 0x00, 0x00, 0x00, 0x00, 0x00, 0x00, 0x00,
    0x00, 0x00, 0x00, 0x00, 0x00, 0x00, 0x00, 0x00, 0x00, 0x00, 0x00, 0x00, 0x00, 0x00, 0x00, 0x00,
    0x00, 0x00, 0x00, 0x00, 0x00, 0x00, 0x00, 0x00, 0x00, 0xc0, 0x0f, 0x00, 0x00, 0xc0, 0x0f, 0x00,
    0x00, 0xc0, 0x0f, 0x00, 0x00, 0xc0, 0x0f, 0x00, 0x00, 0xc0, 0x0b, 0x00, 0x00, 0x80, 0x0b, 0x00,
    0x00, 0x80, 0x0b, 0x00, 0x00, 0x00, 0x00, 0x00, 0x00, 0x00, 0x00, 0x00, 0x00, 0x00, 0x00, 0x00,
    0x00, 0x00, 0x00, 0x00, 0x00, 0x00, 0x00, 0x00, 0x00, 0x00, 0x00, 0x00, 0x00, 0x00, 0x00, 0x00,
    0x00, 0x00, 0x00, 0x00, 0x00, 0x00, 0x00, 0x00, 0x00, 0x00, 0x00, 0x00, 0x00, 0x00, 0x00, 0x00,
    0x00, 0x00, 0x00, 0x00, 0x00, 0x00, 0x00, 0x00, 0x00, 0x00, 0x00, 0x00, 0x00, 0x00, 0x00, 0x00,
    0x00, 0x00, 0x00, 0x00, 0x00, 0x00, 0x00, 0x00, 0x00, 0x00, 0x00, 0x00, 0x00, 0x00, 0x00, 0x00,
    0x00, 0x00, 0x00, 0x00, 0x00, 0x00, 0x00, 0x00, 0x00, 0x00, 0x00, 0x00, 0x00, 0x00, 0x90, 0x01,
    0x00, 0x00, 0xf8, 0x02, 0x00, 0x00, 0xff, 0x01, 0x00, 0xc0, 0x7f, 0x00, 0x00, 0xe0, 0x0b, 0x00,
    0x00, 0xf0, 0x03, 0x00, 0x00, 0xf4, 0x02, 0x00, 0x00, 0xf8, 0x01, 0x00, 0x00, 0xfc, 0x00, 0x00,
    0x00, 0xfc, 0x00, 0x00, 0x00, 0xfc, 0x00, 0x00, 0x00, 0xfc, 0x00, 0x00, 0x00, 0xfc, 0x00, 0x00,
    0x00, 0xfc, 0x00, 0x00, 0x00, 0xfc, 0x00, 0x00, 0x00, 0xfc, 0x00, 0x00, 0x00, 0xf8, 0x01, 0x00,
    0x00, 0xf8, 0x02, 0x00, 0x00, 0xf0, 0x03, 0x00, 0x00, 0xe0, 0x0f, 0x00, 0x00, 0xc0, 0x7f, 0x00,
    0x00, 0x40, 0xff, 0x02, 0x00, 0x00, 0xf8, 0x02, 0x00, 0x00, 0x90, 0x01, 0x00, 0x00, 0x00, 0x00,
    0x00, 0x00, 0x00, 0x00, 0x00, 0x00, 0x00, 0x00, 0x00, 0x00, 0x00, 0x00, 0x00, 0x00, 0x00, 0x00,
    0x00, 0x00, 0x00, 0x00, 0x00, 0x00, 0x00, 0x00, 0x00, 0x00, 0x00, 0x00, 0x40, 0x06, 0x00, 0x00,
    0x80, 0x2f, 0x00, 0x00, 0x40, 0xff, 0x00, 0x00, 0x00, 0xfd, 0x02, 0x00, 0x00, 0xf0, 0x07, 0x00,
    0x00, 0xc0, 0x0f, 0x00, 0x00, 0x80, 0x1f, 0x00, 0x00, 0x40, 0x2f, 0x00, 0x00, 0x00, 0x2f, 0x00,
    0x00, 0x00, 0x3f, 0x00, 0x00, 0x00, 0x3f, 0x00, 0x00, 0x00, 0x3f, 0x00, 0x00, 0x00, 0x3f, 0x00,
    0x00, 0x00, 0x3f, 0x00, 0x00, 0x00, 0x3f, 0x00, 0x00, 0x00, 0x2f, 0x00, 0x00, 0x40, 0x2f, 0x00,
    0x00, 0x80, 0x1f, 0x00, 0x00, 0xd0, 0x0f, 0x00, 0x00, 0xf0, 0x0b, 0x00, 0x00, 0xfd, 0x03, 0x00,
    0x80, 0xff, 0x00, 0x00, 0x80, 0x2f, 0x00, 0x00, 0x40, 0x06, 0x00, 0x00, 0x00, 0x00, 0x00, 0x00,
    0x00, 0x00, 0x00, 0x00, 0x00, 0x00, 0x00, 0x00, 0x00, 0x00, 0x00, 0x00, 0x00, 0x00, 0x00, 0x00,
    0x00, 0x00, 0x00, 0x00, 0x00, 0x00, 0x00, 0x00, 0x00, 0x00, 0x00, 0x00, 0x00, 0x00, 0x00, 0x00,
    0x00, 0x00, 0x00, 0x00, 0x00, 0x00, 0x00, 0x00, 0x00, 0x00, 0x00, 0x00, 0x00, 0x00, 0x00, 0x00,
    0x00, 0x00, 0x00, 0x00, 0x00, 0xc0, 0x0f, 0x00, 0x00, 0xc0, 0x0f, 0x00, 0x00, 0xc0, 0x0f, 0x00,
    0x50, 0x80, 0x0b, 0x18, 0xe0, 0x8b, 0x87, 0x2f, 0xf0, 0x7f, 0xf7, 0x3f, 0x40, 0xfe, 0xff, 0x06,
    0x00, 0xd0, 0x0b, 0x00, 0x00, 0xf4, 0x3d, 0x00, 0x00, 0xbc, 0xf8, 0x00, 0x00, 0x7e, 0xf4, 0x02,
    0x40, 0x2f, 0xe0, 0x03, 0x00, 0x09, 0x80, 0x00, 0x00, 0x00, 0x00, 0x00, 0x00, 0x00, 0x00, 0x00,
    0x00, 0x00, 0x00, 0x00, 0x00, 0x00, 0x00, 0x00, 0x00, 0x00, 0x00, 0x00, 0x00, 0x00, 0x00, 0x00,
    0x00, 0x00, 0x00, 0x00, 0x00, 0x00, 0x00, 0x00, 0x00, 0x00, 0x00, 0x00, 0x00, 0x00, 0x00, 0x00,
    0x00, 0x00, 0x00, 0x00, 0x00, 0x00, 0x00, 0x00, 0x00, 0x00, 0x00, 0x00, 0x00, 0x00, 0x00, 0x00,
    0x00, 0x00, 0x00, 0x00, 0x00, 0x00, 0x00, 0x00, 0x00, 0x00, 0x00, 0x00, 0x00, 0x00, 0x00, 0x00,
    0x00, 0x00, 0x00, 0x00, 0x00, 0x00, 0x00, 0x00, 0x00, 0xf0, 0x03, 0x00, 0x00, 0xf0, 0x03, 0x00,
    0x00, 0xf0, 0x03, 0x00, 0x00, 0xf0, 0x03, 0x00, 0x00, 0xf0, 0x03, 0x00, 0xf0, 0xff, 0xff, 0x0f,
    0xf0, 0xff, 0xff, 0x0f, 0xa0, 0xfa, 0xab, 0x0a, 0x00, 0xf0, 0x03, 0x00, 0x00, 0xf0, 0x03, 0x00,
    0x00, 0xf0, 0x03, 0x00, 0x00, 0xf0, 0x03, 0x00, 0x00, 0x00, 0x00, 0x00, 0x00, 0x00, 0x00, 0x00,
    0x00, 0x00, 0x00, 0x00, 0x00, 0x00, 0x00, 0x00, 0x00, 0x00, 0x00, 0x00, 0x00, 0x00, 0x00, 0x00,
    0x00, 0x00, 0x00, 0x00, 0x00, 0x00, 0x00, 0x00, 0x00, 0x00, 0x00, 0x00, 0x00, 0x00, 0x00, 0x00,
    0x00, 0x00, 0x00, 0x00, 0x00, 0x00, 0x00, 0x00, 0x00, 0x00, 0x00, 0x00, 0x00, 0x00, 0x00, 0x00,
    0x00, 0x00, 0x00, 0x00, 0x00, 0x00, 0x00, 0x00, 0x00, 0x00, 0x00, 0x00, 0x00, 0x00, 0x00, 0x00,
    0x00, 0x00, 0x00, 0x00, 0x00, 0x00, 0x00, 0x00, 0x00, 0x00, 0x00, 0x00, 0x00, 0x00, 0x00, 0x00,
    0x00, 0x00, 0x00, 0x00, 0x00, 0x00, 0x00, 0x00, 0x00, 0x00, 0x00, 0x00, 0x00, 0x00, 0x00, 0x00,
    0x00, 0x00, 0x00, 0x00, 0x00, 0x00, 0x00, 0x00, 0x00, 0x00, 0x00, 0x00, 0x00, 0x00, 0x00, 0x00,
    0x00, 0xe0, 0x0f, 0x00, 0x00, 0xe0, 0x0b, 0x00, 0x00, 0xf0, 0x07, 0x00, 0x00, 0xf4, 0x03, 0x00,
    0x00, 0xf8, 0x02, 0x00, 0x00, 0xf8, 0x00, 0x00, 0x00, 0xbc, 0x00, 0x00, 0x00, 0x7d, 0x00, 0x00,
    0x00, 0x00, 0x00, 0x00, 0x00, 0x00, 0x00, 0x00, 0x00, 0x00, 0x00, 0x00, 0x00, 0x00, 0x00, 0x00,
    0x00, 0x00, 0x00, 0x00, 0x00, 0x00, 0x00, 0x00, 0x00, 0x00, 0x00, 0x00, 0x00, 0x00, 0x00, 0x00,
    0x00, 0x00, 0x00, 0x00, 0x00, 0x00, 0x00, 0x00, 0x00, 0x00, 0x00, 0x00, 0x00, 0x00, 0x00, 0x00,
    0x00, 0x00, 0x00, 0x00, 0x00, 0x00, 0x00, 0x00, 0x00, 0x00, 0x00, 0x00, 0x00, 0x00, 0x00, 0x00,
    0x00, 0x00, 0x00, 0x00, 0x00, 0x00, 0x00, 0x00, 0x00, 0xaa, 0xaa, 0x00, 0x00, 0xff, 0xff, 0x00,
    0x00, 0xff, 0xff, 0x00, 0x00, 0x00, 0x00, 0x00, 0x00, 0x00, 0x00, 0x00, 0x00, 0x00, 0x00, 0x00,
    0x00, 0x00, 0x00, 0x00, 0x00, 0x00, 0x00, 0x00, 0x00, 0x00, 0x00, 0x00, 0x00, 0x00, 0x00, 0x00,
    0x00, 0x00, 0x00, 0x00, 0x00, 0x00, 0x00, 0x00, 0x00, 0x00, 0x00, 0x00, 0x00, 0x00, 0x00, 0x00,
    0x00, 0x00, 0x00, 0x00, 0x00, 0x00, 0x00, 0x00, 0x00, 0x00, 0x00, 0x00, 0x00, 0x00, 0x00, 0x00,
    0x00, 0x00, 0x00, 0x00, 0x00, 0x00, 0x00, 0x00, 0x00, 0x00, 0x00, 0x00, 0x00, 0x00, 0x00, 0x00,
    0x00, 0x00, 0x00, 0x00, 0x00, 0x00, 0x00, 0x00, 0x00, 0x00, 0x00, 0x00, 0x00, 0x00, 0x00, 0x00,
    0x00, 0x00, 0x00, 0x00, 0x00, 0x00, 0x00, 0x00, 0x00, 0x00, 0x00, 0x00, 0x00, 0x00, 0x00, 0x00,
    0x00, 0x00, 0x00, 0x00, 0x00, 0x00, 0x00, 0x00, 0x00, 0x00, 0x00, 0x00, 0x00, 0x00, 0x00, 0x00,
    0x00, 0x00, 0x00, 0x00, 0x00, 0x00, 0x00, 0x00, 0x00, 0x00, 0x00, 0x00, 0x00, 0xd0, 0x07, 0x00,
    0x00, 0xe0, 0x0b, 0x00, 0x00, 0xf0, 0x0f, 0x00, 0x00, 0xe0, 0x0b, 0x00, 0x00, 0xd0, 0x07, 0x00,
    0x00, 0x00, 0x00, 0x00, 0x00, 0x00, 0x00, 0x00, 0x00, 0x00, 0x00, 0x00, 0x00, 0x00, 0x00, 0x00,
    0x00, 0x00, 0x00, 0x00, 0x00, 0x00, 0x00, 0x00, 0x00, 0x00, 0x00, 0x00, 0x00, 0x00, 0x00, 0x00,
    0x00, 0x00, 0x00, 0x00, 0x00, 0x00, 0x00, 0x00, 0x00, 0x00, 0x00, 0x00, 0x00, 0x00, 0x80, 0x06,
    0x00, 0x00, 0xd0, 0x0b, 0x00, 0x00, 0xe0, 0x07, 0x00, 0x00, 0xf4, 0x03, 0x00, 0x00, 0xf8, 0x01,
    0x00, 0x00, 0xfc, 0x00, 0x00, 0x00, 0xbd, 0x00, 0x00, 0x00, 0x7e, 0x00, 0x00, 0x00, 0x3f, 0x00,
    0x00, 0x40, 0x2f, 0x00, 0x00, 0x80, 0x1f, 0x00, 0x00, 0xc0, 0x0f, 0x00, 0x00, 0xd0, 0x0b, 0x00,
    0x00, 0xe0, 0x07, 0x00, 0x00, 0xf0, 0x03, 0x00, 0x00, 0xf4, 0x02, 0x00, 0x00, 0xfc, 0x01, 0x00,
    0x00, 0xfd, 0x00, 0x00, 0x00, 0x7e, 0x00, 0x00, 0x00, 0x3f, 0x00, 0x00, 0x40, 0x2f, 0x00, 0x00,
    0x80, 0x1f, 0x00, 0x00, 0xc0, 0x0f, 0x00, 0x00, 0xd0, 0x0b, 0x00, 0x00, 0x00, 0x00, 0x00, 0x00,
    0x00, 0x00, 0x00, 0x00, 0x00, 0x00, 0x00, 0x00, 0x00, 0x00, 0x00, 0x00, 0x00, 0x00, 0x00, 0x00,
    0x00, 0x00, 0x00, 0x00, 0x00, 0x00, 0x00, 0x00, 0x00, 0x00, 0x00, 0x00, 0x00, 0x00, 0x00, 0x00,
    0x00, 0x00, 0x00, 0x00, 0x00, 0x00, 0x00, 0x00, 0x00, 0xe4, 0x6f, 0x00, 0x00, 0xfe, 0xff, 0x02,
    0x40, 0xff, 0xfe, 0x07, 0x80, 0x2f, 0xe0, 0x0b, 0xc0, 0x0f, 0xc0, 0x0f, 0xc0, 0x0f, 0xc0, 0x0f,
    0xc0, 0x0f, 0xc0, 0x0f, 0xc0, 0x4f, 0xcb, 0x0f, 0xc0, 0xcf, 0xcf, 0x0f, 0xc0, 0x4f, 0xcb, 0x0f,
    0xc0, 0x0f, 0xc0, 0x0f, 0xc0, 0x0f, 0xc0, 0x0f, 0xc0, 0x0f, 0xc0, 0x0f, 0xc0, 0x0f, 0xc0, 0x0f,
    0x80, 0x2f, 0xe0, 0x0b, 0x40, 0xff, 0xfe, 0x07, 0x00, 0xfe, 0xff, 0x02, 0x00, 0xe4, 0x6f, 0x00,
    0x00, 0x00, 0x00, 0x00, 0x00, 0x00, 0x00, 0x00, 0x00, 0x00, 0x00, 0x00, 0x00, 0x00, 0x00, 0x00,
    0x00, 0x00, 0x00, 0x00, 0x00, 0x00, 0x00, 0x00, 0x00, 0x00, 0x00, 0x00, 0x00, 0x00, 0x00, 0x00,
    0x00, 0x00, 0x00, 0x00, 0x00, 0x00, 0x00, 0x00, 0x00, 0x00, 0x00, 0x00, 0x00, 0x00, 0x00, 0x00,
    0x00, 0x00, 0x00, 0x00, 0x00, 0x00, 0x00, 0x00, 0x00, 0xd0, 0x3f, 0x00, 0x00, 0xf8, 0x3f, 0x00,
    0x40, 0xff, 0x3f, 0x00, 0xc0, 0x2f, 0x3f, 0x00, 0xc0, 0x07, 0x3f, 0x00, 0x80, 0x00, 0x3f, 0x00,
    0x00, 0x00, 0x3f, 0x00, 0x00, 0x00, 0x3f, 0x00, 0x00, 0x00, 0x3f, 0x00, 0x00, 0x00, 0x3f, 0x00,
    0x00, 0x00, 0x3f, 0x00, 0x00, 0x00, 0x3f, 0x00, 0x00, 0x00, 0x3f, 0x00, 0x00, 0x00, 0x3f, 0x00,
    0x00, 0x00, 0x3f, 0x00, 0x80, 0xaa, 0xbf, 0x0a, 0xc0, 0xff, 0xff, 0x0f, 0xc0, 0xff, 0xff, 0x0f,
    0x00, 0x00, 0x00, 0x00, 0x00, 0x00, 0x00, 0x00, 0x00, 0x00, 0x00, 0x00, 0x00, 0x00, 0x00, 0x00,
    0x00, 0x00, 0x00, 0x00, 0x00, 0x00, 0x00, 0x00, 0x00, 0x00, 0x00, 0x00, 0x00, 0x00, 0x00, 0x00,
    0x00, 0x00, 0x00, 0x00, 0x00, 0x00, 0x00, 0x00, 0x00, 0x00, 0x00, 0x00, 0x00, 0x00, 0x00, 0x00,
    0x00, 0x00, 0x00, 0x00, 0x00, 0x00, 0x00, 0x00, 0x00, 0xf9, 0x1b, 0x00, 0x40, 0xff, 0xbf, 0x00,
    0xd0, 0xbf, 0xff, 0x01, 0xe0, 0x0b, 0xf8, 0x02, 0xf0, 0x03, 0xf0, 0x03, 0x50, 0x01, 0xf0, 0x03,
    0x00, 0x00, 0xf0, 0x02, 0x00, 0x00, 0xf8, 0x01, 0x00, 0x00, 0xfd, 0x00, 0x00, 0x40, 0x7f, 0x00,
    0x00, 0xd0, 0x2f, 0x00, 0x00, 0xf4, 0x0b, 0x00, 0x00, 0xfd, 0x02, 0x00, 0x40, 0xbf, 0x00, 0x00,
    0xd0, 0x2f, 0x00, 0x00, 0xf0, 0xaf, 0xaa, 0x02, 0xf0, 0xff, 0xff, 0x03, 0xf0, 0xff, 0xff, 0x03,
    0x00, 0x00, 0x00, 0x00, 0x00, 0x00, 0x00, 0x00, 0x00, 0x00, 0x00, 0x00, 0x00, 0x00, 0x00, 0x00,
    0x00, 0x00, 0x00, 0x00, 0x00, 0x00, 0x00, 0x00, 0x00, 0x00, 0x00, 0x00, 0x00, 0x00, 0x00, 0x00,
    0x00, 0x00, 0x00, 0x00, 0x00, 0x00, 0x00, 0x00, 0x00, 0x00, 0x00, 0x00, 0x00, 0x00, 0x00, 0x00,
    0x00, 0x00, 0x00, 0x00, 0x00, 0x00, 0x00, 0x00, 0xc0, 0xff, 0xff, 0x03, 0xc0, 0xff, 0xff, 0x03,
    0x80, 0xaa, 0xfe, 0x03, 0x00, 0x00, 0xfe, 0x01, 0x00, 0x80, 0x2f, 0x00, 0x00, 0xe0, 0x07, 0x00,
    0x00, 0xf4, 0x1b, 0x00, 0x00, 0xf4, 0xbf, 0x00, 0x00, 0xa4, 0xff, 0x01, 0x00, 0x00, 0xf8, 0x02,
    0x00, 0x00, 0xf0, 0x03, 0x00, 0x00, 0xf0, 0x03, 0x50, 0x01, 0xf0, 0x03, 0xf0, 0x03, 0xf0, 0x03,
    0xe0, 0x0b, 0xf8, 0x02, 0xd0, 0xbf, 0xff, 0x01, 0x80, 0xff, 0xbf, 0x00, 0x00, 0xf9, 0x1b, 0x00,
    0x00, 0x00, 0x00, 0x00, 0x00, 0x00, 0x00, 0x00, 0x00, 0x00, 0x00, 0x00, 0x00, 0x00, 0x00, 0x00,
    0x00, 0x00, 0x00, 0x00, 0x00, 0x00, 0x00, 0x00, 0x00, 0x00, 0x00, 0x00, 0x00, 0x00, 0x00, 0x00,
    0x00, 0x00, 0x00, 0x00, 0x00, 0x00, 0x00, 0x00, 0x00, 0x00, 0x00, 0x00, 0x00, 0x00, 0x00, 0x00,
    0x00, 0x00, 0x00, 0x00, 0x00, 0x00, 0x00, 0x00, 0x00, 0x00, 0xf4, 0x02, 0x00, 0x00, 0xfc, 0x01,
    0x00, 0x00, 0xbe, 0x00, 0x00, 0x80, 0x2f, 0x00, 0x00, 0xd0, 0x1f, 0x00, 0x00, 0xf0, 0x07, 0x00,
    0x00, 0xf8, 0x02, 0x00, 0x00, 0xfd, 0xc1, 0x0f, 0x00, 0x7f, 0xc0, 0x0f, 0x80, 0x2f, 0xc0, 0x0f,
    0xc0, 0x0f, 0xc0, 0x0f, 0xc0, 0x0f, 0xc0, 0x0f, 0xc0, 0xff, 0xff, 0x0f, 0xc0, 0xff, 0xff, 0x0f,
    0x80, 0xaa, 0xea, 0x0f, 0x00, 0x00, 0xc0, 0x0f, 0x00, 0x00, 0xc0, 0x0f, 0x00, 0x00, 0xc0, 0x0f,
    0x00, 0x00, 0x00, 0x00, 0x00, 0x00, 0x00, 0x00, 0x00, 0x00, 0x00, 0x00, 0x00, 0x00, 0x00, 0x00,
    0x00, 0x00, 0x00, 0x00, 0x00, 0x00, 0x00, 0x00, 0x00, 0x00, 0x00, 0x00, 0x00, 0x00, 0x00, 0x00,
    0x00, 0x00, 0x00, 0x00, 0x00, 0x00, 0x00, 0x00, 0x00, 0x00, 0x00, 0x00, 0x00, 0x00, 0x00, 0x00,
    0x00, 0x00, 0x00, 0x00, 0x00, 0x00, 0x00, 0x00, 0xc0, 0xff, 0xff, 0x07, 0xc0, 0xff, 0xff, 0x07,
    0xc0, 0xaf, 0xaa, 0x06, 0xc0, 0x0f, 0x00, 0x00, 0xc0, 0x0f, 0x00, 0x00, 0xc0, 0x0f, 0x00, 0x00,
    0xc0, 0x8f, 0xbf, 0x00, 0xc0, 0xef, 0xff, 0x02, 0xc0, 0xbf, 0xfe, 0x07, 0xc0, 0x1f, 0xe0, 0x0b,
    0x00, 0x00, 0xc0, 0x0f, 0x00, 0x00, 0xc0, 0x0f, 0x00, 0x00, 0xc0, 0x0f, 0x90, 0x06, 0xc0, 0x0f,
    0xd0, 0x0f, 0xe0, 0x0b, 0xc0, 0xbf, 0xfe, 0x07, 0x40, 0xff, 0xff, 0x01, 0x00, 0xf8, 0x6f, 0x00,
    0x00, 0x00, 0x00, 0x00, 0x00, 0x00, 0x00, 0x00, 0x00, 0x00, 0x00, 0x00, 0x00, 0x00, 0x00, 0x00,
    0x00, 0x00, 0x00, 0x00, 0x00, 0x00, 0x00, 0x00, 0x00, 0x00, 0x00, 0x00, 0x00, 0x00, 0x00, 0x00,
    0x00, 0x00, 0x00, 0x00, 0x00, 0x00, 0x00, 0x00, 0x00, 0x00, 0x00, 0x00, 0x00, 0x00, 0x00, 0x00,
    0x00, 0x00, 0x00, 0x00, 0x00, 0x00, 0x00, 0x00, 0x00, 0x40, 0x2f, 0x00, 0x00, 0xc0, 0x0f, 0x00,
    0x00, 0xe0, 0x07, 0x00, 0x00, 0xf4, 0x02, 0x00, 0x00, 0xfc, 0x01, 0x00, 0x00, 0xbe, 0x00, 0x00,
    0x40, 0x3f, 0x05, 0x00, 0x80, 0xef, 0xbf, 0x00, 0xd0, 0xff, 0xff, 0x02, 0xe0, 0x1f, 0xf4, 0x07,
    0xe0, 0x07, 0xd0, 0x0b, 0xf0, 0x03, 0xc0, 0x0f, 0xf0, 0x03, 0xc0, 0x0f, 0xe0, 0x07, 0xd0, 0x0b,
    0xe0, 0x0b, 0xf0, 0x07, 0xc0, 0xbf, 0xfe, 0x03, 0x40, 0xff, 0xff, 0x01, 0x00, 0xe8, 0x1b, 0x00,
    0x00, 0x00, 0x00, 0x00, 0x00, 0x00, 0x00, 0x00, 0x00, 0x00, 0x00, 0x00, 0x00, 0x00, 0x00, 0x00,
    0x00, 0x00, 0x00, 0x00, 0x00, 0x00, 0x00, 0x00, 0x00, 0x00, 0x00, 0x00, 0x00, 0x00, 0x00, 0x00,
    0x00, 0x00, 0x00, 0x00, 0x00, 0x00, 0x00, 0x00, 0x00, 0x00, 0x00, 0x00, 0x00, 0x00, 0x00, 0x00,
    0x00, 0x00, 0x00, 0x00, 0x00, 0x00, 0x00, 0x00, 0xf0, 0xff, 0xff, 0x0b, 0xf0, 0xff, 0xff, 0x0b,
    0xf0, 0xab, 0xea, 0x07, 0xf0, 0x03, 0xe0, 0x07, 0xf0, 0x03, 0xf0, 0x02, 0x50, 0x01, 0xf8, 0x01,
    0x00, 0x00, 0xfc, 0x00, 0x00, 0x00, 0xbd, 0x00, 0x00, 0x00, 0x7e, 0x00, 0x00, 0x40, 0x2f, 0x00,
    0x00, 0x80, 0x1f, 0x00, 0x00, 0xc0, 0x0f, 0x00, 0x00, 0xd0, 0x0b, 0x00, 0x00, 0xe0, 0x07, 0x00,
    0x00, 0xf4, 0x02, 0x00, 0x00, 0xf8, 0x01, 0x00, 0x00, 0xfc, 0x00, 0x00, 0x00, 0xbd, 0x00, 0x00,
    0x00, 0x00, 0x00, 0x00, 0x00, 0x00, 0x00, 0x00, 0x00, 0x00, 0x00, 0x00, 0x00, 0x00, 0x00, 0x00,
    0x00, 0x00, 0x00, 0x00, 0x00, 0x00, 0x00, 0x00, 0x00, 0x00, 0x00, 0x00, 0x00, 0x00, 0x00, 0x00,
    0x00, 0x00, 0x00, 0x00, 0x00, 0x00, 0x00, 0x00, 0x00, 0x00, 0x00, 0x00, 0x00, 0x00, 0x00, 0x00,
    0x00, 0x00, 0x00, 0x00, 0x00, 0x00, 0x00, 0x00, 0x00, 0xe4, 0x6f, 0x00, 0x00, 0xfe, 0xff, 0x02,
    0x40, 0xff, 0xfe, 0x07, 0x80, 0x2f, 0xe0, 0x0b, 0xc0, 0x0f, 0xc0, 0x0f, 0x80, 0x0f, 0xc0, 0x0b,
    0x40, 0x2f, 0xe0, 0x07, 0x00, 0xbe, 0xf9, 0x02, 0x00, 0xf4, 0x7f, 0x00, 0x00, 0xf8, 0xbf, 0x00,
    0x00, 0x7f, 0xf4, 0x03, 0x80, 0x1f, 0xd0, 0x0b, 0xc0, 0x0f, 0xc0, 0x0f, 0xc0, 0x0f, 0xc0, 0x0f,
    0x80, 0x2f, 0xe0, 0x0f, 0x40, 0xff, 0xfe, 0x07, 0x00, 0xfe, 0xff, 0x02, 0x00, 0xe4, 0x6f, 0x00,
    0x00, 0x00, 0x00, 0x00, 0x00, 0x00, 0x00, 0x00, 0x00, 0x00, 0x00, 0x00, 0x00, 0x00, 0x00, 0x00,
    0x00, 0x00, 0x00, 0x00, 0x00, 0x00, 0x00, 0x00, 0x00, 0x00, 0x00, 0x00, 0x00, 0x00, 0x00, 0x00,
    0x00, 0x00, 0x00, 0x00, 0x00, 0x00, 0x00, 0x00, 0x00, 0x00, 0x00, 0x00, 0x00, 0x00, 0x00, 0x00,
    0x00, 0x00, 0x00, 0x00, 0x00, 0x00, 0x00, 0x00, 0x00, 0xf8, 0x1b, 0x00, 0x40, 0xff, 0xff, 0x01,
    0xc0, 0xbf, 0xfe, 0x03, 0xe0, 0x0b, 0xe0, 0x07, 0xf0, 0x03, 0xd0, 0x0b, 0xf0, 0x03, 0xc0, 0x0f,
    0xf0, 0x03, 0xd0, 0x0f, 0xe0, 0x0b, 0xe0, 0x0b, 0xd0, 0xbf, 0xfe, 0x07, 0x80, 0xff, 0xfb, 0x03,
    0x00, 0xf9, 0xfa, 0x02, 0x00, 0x00, 0xfd, 0x00, 0x00, 0x00, 0x7f, 0x00, 0x00, 0x40, 0x2f, 0x00,
    0x00, 0xc0, 0x1f, 0x00, 0x00, 0xe0, 0x0b, 0x00, 0x00, 0xf4, 0x03, 0x00, 0x00, 0xfc, 0x01, 0x00,
    0x00, 0x00, 0x00, 0x00, 0x00, 0x00, 0x00, 0x00, 0x00, 0x00, 0x00, 0x00, 0x00, 0x00, 0x00, 0x00,
    0x00, 0x00, 0x00, 0x00, 0x00, 0x00, 0x00, 0x00, 0x00, 0x00, 0x00, 0x00, 0x00, 0x00, 0x00, 0x00,
    0x00, 0x00, 0x00, 0x00, 0x00, 0x00, 0x00, 0x00, 0x00, 0x00, 0x00, 0x00, 0x00, 0x00, 0x00, 0x00,
    0x00, 0x00, 0x00, 0x00, 0x00, 0x00, 0x00, 0x00, 0x00, 0x00, 0x00, 0x00, 0x00, 0x00, 0x00, 0x00,
    0x00, 0x00, 0x00, 0x00, 0x00, 0x00, 0x00, 0x00, 0x00, 0xd0, 0x07, 0x00, 0x00, 0xf0, 0x0f, 0x00,
    0x00, 0xf0, 0x0f, 0x00, 0x00, 0xd0, 0x07, 0x00, 0x00, 0x00, 0x00, 0x00, 0x00, 0x00, 0x00, 0x00,
    0x00, 0x00, 0x00, 0x00, 0x00, 0x00, 0x00, 0x00, 0x00, 0x00, 0x00, 0x00, 0x00, 0x00, 0x00, 0x00,
    0x00, 0xd0, 0x07, 0x00, 0x00, 0xf0, 0x0f, 0x00, 0x00, 0xf0, 0x0f, 0x00, 0x00, 0xd0, 0x07, 0x00,
    0x00, 0x00, 0x00, 0x00, 0x00, 0x00, 0x00, 0x00, 0x00, 0x00, 0x00, 0x00, 0x00, 0x00, 0x00, 0x00,
    0x00, 0x00, 0x00, 0x00, 0x00, 0x00, 0x00, 0x00, 0x00, 0x00, 0x00, 0x00, 0x00, 0x00, 0x00, 0x00,
    0x00, 0x00, 0x00, 0x00, 0x00, 0x00, 0x00, 0x00, 0x00, 0x00, 0x00, 0x00, 0x00, 0x00, 0x00, 0x00,
    0x00, 0x00, 0x00, 0x00, 0x00, 0x00, 0x00, 0x00, 0x00, 0x00, 0x00, 0x00, 0x00, 0x00, 0x00, 0x00,
    0x00, 0x00, 0x00, 0x00, 0x00, 0x00, 0x00, 0x00, 0x00, 0xd0, 0x07, 0x00, 0x00, 0xf0, 0x0f, 0x00,
    0x00, 0xf0, 0x0f, 0x00, 0x00, 0xd0, 0x07, 0x00, 0x00, 0x00, 0x00, 0x00, 0x00, 0x00, 0x00, 0x00,
    0x00, 0x00, 0x00, 0x00, 0x00, 0x00, 0x00, 0x00, 0x00, 0x00, 0x00, 0x00, 0x00, 0x00, 0x00, 0x00,
    0x00, 0xd0, 0x0b, 0x00, 0x00, 0xe0, 0x07, 0x00, 0x00, 0xf0, 0x03, 0x00, 0x00, 0xf4, 0x02, 0x00,
    0x00, 0xf4, 0x01, 0x00, 0x00, 0xf8, 0x00, 0x00, 0x00, 0xbc, 0x00, 0x00, 0x00, 0x7c, 0x00, 0x00,
    0x00, 0x00, 0x00, 0x00, 0x00, 0x00, 0x00, 0x00, 0x00, 0x00, 0x00, 0x00, 0x00, 0x00, 0x00, 0x00,
    0x00, 0x00, 0x00, 0x00, 0x00, 0x00, 0x00, 0x00, 0x00, 0x00, 0x00, 0x00, 0x00, 0x00, 0x00, 0x00,
    0x00, 0x00, 0x00, 0x00, 0x00, 0x00, 0x00, 0x00, 0x00, 0x00, 0x00, 0x00, 0x00, 0x00, 0x00, 0x00,
    0x00, 0x00, 0x00, 0x00, 0x00, 0x00, 0x00, 0x06, 0x00, 0x00, 0xe0, 0x0b, 0x00, 0x00, 0xfe, 0x07,
    0x00, 0xe0, 0xbf, 0x01, 0x00, 0xfe, 0x1b, 0x00, 0xc0, 0xbf, 0x01, 0x00, 0xc0, 0x1b, 0x00, 0x00,
    0xc0, 0x6f, 0x00, 0x00, 0x80, 0xff, 0x06, 0x00, 0x00, 0xf8, 0x6f, 0x00, 0x00, 0x80, 0xff, 0x06,
    0x00, 0x00, 0xf8, 0x0b, 0x00, 0x00, 0x80, 0x0b, 0x00, 0x00, 0x00, 0x04, 0x00, 0x00, 0x00, 0x00,
    0x00, 0x00, 0x00, 0x00, 0x00, 0x00, 0x00, 0x00, 0x00, 0x00, 0x00, 0x00, 0x00, 0x00, 0x00, 0x00,
    0x00, 0x00, 0x00, 0x00, 0x00, 0x00, 0x00, 0x00, 0x00, 0x00, 0x00, 0x00, 0x00, 0x00, 0x00, 0x00,
    0x00, 0x00, 0x00, 0x00, 0x00, 0x00, 0x00, 0x00, 0x00, 0x00, 0x00, 0x00, 0x00, 0x00, 0x00, 0x00,
    0x00, 0x00, 0x00, 0x00, 0x00, 0x00, 0x00, 0x00, 0x00, 0x00, 0x00, 0x00, 0x00, 0x00, 0x00, 0x00,
    0x00, 0x00, 0x00, 0x00, 0x00, 0x00, 0x00, 0x00, 0x00, 0x00, 0x00, 0x00, 0xc0, 0xff, 0xff, 0x03,
    0xc0, 0xff, 0xff, 0x03, 0x80, 0xaa, 0xaa, 0x02, 0x00, 0x00, 0x00, 0x00, 0x00, 0x00, 0x00, 0x00,
    0x00, 0x00, 0x00, 0x00, 0x80, 0xaa, 0xaa, 0x02, 0xc0, 0xff, 0xff, 0x03, 0xc0, 0xff, 0xff, 0x03,
    0x00, 0x00, 0x00, 0x00, 0x00, 0x00, 0x00, 0x00, 0x00, 0x00, 0x00, 0x00, 0x00, 0x00, 0x00, 0x00,
    0x00, 0x00, 0x00, 0x00, 0x00, 0x00, 0x00, 0x00, 0x00, 0x00, 0x00, 0x00, 0x00, 0x00, 0x00, 0x00,
    0x00, 0x00, 0x00, 0x00, 0x00, 0x00, 0x00, 0x00, 0x00, 0x00, 0x00, 0x00, 0x00, 0x00, 0x00, 0x00,
    0x00, 0x00, 0x00, 0x00, 0x00, 0x00, 0x00, 0x00, 0x00, 0x00, 0x00, 0x00, 0x00, 0x00, 0x00, 0x00,
    0x00, 0x00, 0x00, 0x00, 0x00, 0x00, 0x00, 0x00, 0x00, 0x00, 0x00, 0x00, 0x00, 0x00, 0x00, 0x00,
    0x00, 0x00, 0x00, 0x00, 0x80, 0x01, 0x00, 0x00, 0xc0, 0x1b, 0x00, 0x00, 0xc0, 0xbf, 0x01, 0x00,
    0x00, 0xfe, 0x1b, 0x00, 0x00, 0xe0, 0xbf, 0x01, 0x00, 0x00, 0xfe, 0x07, 0x00, 0x00, 0xd0, 0x0b,
    0x00, 0x00, 0xf4, 0x0b, 0x00, 0x40, 0xff, 0x06, 0x00, 0xf4, 0x6f, 0x00, 0x40, 0xff, 0x06, 0x00,
    0xc0, 0x6f, 0x00, 0x00, 0xc0, 0x06, 0x00, 0x00, 0x40, 0x00, 0x00, 0x00, 0x00, 0x00, 0x00, 0x00,
    0x00, 0x00, 0x00, 0x00, 0x00, 0x00, 0x00, 0x00, 0x00, 0x00, 0x00, 0x00, 0x00, 0x00, 0x00, 0x00,
    0x00, 0x00, 0x00, 0x00, 0x00, 0x00, 0x00, 0x00, 0x00, 0x00, 0x00, 0x00, 0x00, 0x00, 0x00, 0x00,
    0x00, 0x00, 0x00, 0x00, 0x00, 0x00, 0x00, 0x00, 0x00, 0x00, 0x00, 0x00, 0x00, 0x00, 0x00, 0x00,
    0x00, 0x00, 0x00, 0x00, 0x00, 0x00, 0x00, 0x00, 0x00, 0xff, 0x1b, 0x00, 0x00, 0xff, 0xbf, 0x00,
    0x00, 0xaa, 0xff, 0x01, 0x00, 0x00, 0xf8, 0x02, 0x00, 0x00, 0xf0, 0x03, 0x00, 0x00, 0xf0, 0x03,
    0x00, 0x00, 0xf8, 0x02, 0x00, 0xa8, 0xff, 0x01, 0x00, 0xfc, 0xbf, 0x00, 0x00, 0xfc, 0x1b, 0x00,
    0x00, 0xfc, 0x00, 0x00, 0x00, 0xfc, 0x00, 0x00, 0x00, 0xa8, 0x00, 0x00, 0x00, 0x00, 0x00, 0x00,
    0x00, 0x00, 0x00, 0x00, 0x00, 0xa4, 0x01, 0x00, 0x00, 0xfc, 0x03, 0x00, 0x00, 0xf8, 0x02, 0x00,
    0x00, 0x00, 0x00, 0x00, 0x00, 0x00, 0x00, 0x00, 0x00, 0x00, 0x00, 0x00, 0x00, 0x00, 0x00, 0x00,
    0x00, 0x00, 0x00, 0x00, 0x00, 0x00, 0x00, 0x00, 0x00, 0x00, 0x00, 0x00, 0x00, 0x00, 0x00, 0x00,
    0x00, 0x00, 0x00, 0x00, 0x00, 0x00, 0x00, 0x00, 0x00, 0x00, 0x00, 0x00, 0x00, 0x00, 0x00, 0x00,
    0x00, 0x00, 0x00, 0x00, 0x00, 0x00, 0x00, 0x00, 0x00, 0xe4, 0xaf, 0x00, 0x00, 0xfe, 0xff, 0x07,
    0x80, 0xff, 0xfa, 0x0f, 0xd0, 0x1f, 0x40, 0x2f, 0xe0, 0x0b, 0x00, 0x3e, 0xf0, 0x43, 0x6a, 0x3e,
    0xf0, 0xd3, 0xff, 0x3e, 0xf0, 0xe3, 0x4b, 0x3f, 0xf0, 0xe3, 0x03, 0x3e, 0xf0, 0xf3, 0x03, 0x3e,
    0xf0, 0xf3, 0x03, 0x3e, 0xf0, 0xf3, 0x03, 0x3e, 0xf0, 0xf3, 0x03, 0x3e, 0xf0, 0xe3, 0x07, 0x3f,
    0xf0, 0xd3, 0xff, 0x3f, 0xf0, 0x43, 0x7f, 0x3d, 0xf0, 0x03, 0x00, 0x00, 0xe0, 0x0b, 0x00, 0x00,
    0xd0, 0x1f, 0x00, 0x00, 0x80, 0xff, 0x1a, 0x00, 0x00, 0xfe, 0x2f, 0x00, 0x00, 0xe4, 0x2f, 0x00,
    0x00, 0x00, 0x00, 0x00, 0x00, 0x00, 0x00, 0x00, 0x00, 0x00, 0x00, 0x00, 0x00, 0x00, 0x00, 0x00,
    0x00, 0x00, 0x00, 0x00, 0x00, 0x00, 0x00, 0x00, 0x00, 0x00, 0x00, 0x00, 0x00, 0x00, 0x00, 0x00,
    0x00, 0x00, 0x00, 0x00, 0x00, 0x00, 0x00, 0x00, 0x00, 0xe0, 0x1f, 0x00, 0x00, 0xf0, 0x1f, 0x00,
    0x00, 0xf4, 0x2f, 0x00, 0x00, 0xf8, 0x3e, 0x00, 0x00, 0xb8, 0x7d, 0x00, 0x00, 0xbc, 0x7d, 0x00,
    0x00, 0x7d, 0xbc, 0x00, 0x00, 0x3e, 0xf8, 0x00, 0x00, 0x3e, 0xf8, 0x01, 0x00, 0x2f, 0xf4, 0x01,
    0x40, 0x1f, 0xf0, 0x02, 0x80, 0xff, 0xff, 0x03, 0x80, 0xff, 0xff, 0x03, 0xc0, 0x5f, 0xe5, 0x07,
    0xd0, 0x0b, 0xd0, 0x0b, 0xd0, 0x07, 0xc0, 0x0f, 0xe0, 0x07, 0x80, 0x0f, 0xf0, 0x03, 0x80, 0x1f,
    0x00, 0x00, 0x00, 0x00, 0x00, 0x00, 0x00, 0x00, 0x00, 0x00, 0x00, 0x00, 0x00, 0x00, 0x00, 0x00,
    0x00, 0x00, 0x00, 0x00, 0x00, 0x00, 0x00, 0x00, 0x00, 0x00, 0x00, 0x00, 0x00, 0x00, 0x00, 0x00,
    0x00, 0x00, 0x00, 0x00, 0x00, 0x00, 0x00, 0x00, 0x00, 0x00, 0x00, 0x00, 0x00, 0x00, 0x00, 0x00,
    0x00, 0x00, 0x00, 0x00, 0x00, 0x00, 0x00, 0x00, 0xc0, 0xff, 0x6f, 0x00, 0xc0, 0xff, 0xff, 0x02,
    0xc0, 0xaf, 0xfe, 0x07, 0xc0, 0x0f, 0xe0, 0x0b, 0xc0, 0x0f, 0xc0, 0x0f, 0xc0, 0x0f, 0xc0, 0x0b,
    0xc0, 0x0f, 0xe0, 0x07, 0xc0, 0xaf, 0xfe, 0x02, 0xc0, 0xff, 0xbf, 0x00, 0xc0, 0xff, 0xff, 0x02,
    0xc0, 0x0f, 0xf4, 0x07, 0xc0, 0x0f, 0xd0, 0x0b, 0xc0, 0x0f, 0xc0, 0x0f, 0xc0, 0x0f, 0xc0, 0x0f,
    0xc0, 0x0f, 0xe0, 0x0b, 0xc0, 0xaf, 0xfe, 0x07, 0xc0, 0xff, 0xff, 0x02, 0xc0, 0xff, 0x6f, 0x00,
    0x00, 0x00, 0x00, 0x00, 0x00, 0x00, 0x00, 0x00, 0x00, 0x00, 0x00, 0x00, 0x00, 0x00, 0x00, 0x00,
    0x00, 0x00, 0x00, 0x00, 0x00, 0x00, 0x00, 0x00, 0x00, 0x00, 0x00, 0x00, 0x00, 0x00, 0x00, 0x00,
    0x00, 0x00, 0x00, 0x00, 0x00, 0x00, 0x00, 0x00, 0x00, 0x00, 0x00, 0x00, 0x00, 0x00, 0x00, 0x00,
    0x00, 0x00, 0x00, 0x00, 0x00, 0x00, 0x00, 0x00, 0x00, 0xe4, 0x6f, 0x00, 0x00, 0xfe, 0xff, 0x02,
    0x40, 0xff, 0xfe, 0x07, 0x80, 0x2f, 0xe0, 0x0b, 0xc0, 0x0f, 0xc0, 0x0f, 0xc0, 0x0f, 0x40, 0x05,
    0xc0, 0x0f, 0x00, 0x00, 0xc0, 0x0f, 0x00, 0x00, 0xc0, 0x0f, 0x00, 0x00, 0xc0, 0x0f, 0x00, 0x00,
    0xc0, 0x0f, 0x00, 0x00, 0xc0, 0x0f, 0x00, 0x00, 0xc0, 0x0f, 0x40, 0x05, 0xc0, 0x0f, 0xc0, 0x0f,
    0x80, 0x2f, 0xe0, 0x0b, 0x40, 0xff, 0xfe, 0x07, 0x00, 0xfe, 0xff, 0x02, 0x00, 0xe4, 0x6f, 0x00,
    0x00, 0x00, 0x00, 0x00, 0x00, 0x00, 0x00, 0x00, 0x00, 0x00, 0x00, 0x00, 0x00, 0x00, 0x00, 0x00,
    0x00, 0x00, 0x00, 0x00, 0x00, 0x00, 0x00, 0x00, 0x00, 0x00, 0x00, 0x00, 0x00, 0x00, 0x00, 0x00,
    0x00, 0x00, 0x00, 0x00, 0x00, 0x00, 0x00, 0x00, 0x00, 0x00, 0x00, 0x00, 0x00, 0x00, 0x00, 0x00,
    0x00, 0x00, 0x00, 0x00, 0x00, 0x00, 0x00, 0x00, 0xc0, 0xff, 0x2f, 0x00, 0xc0, 0xff, 0xff, 0x01,
    0xc0, 0xaf, 0xfe, 0x03, 0xc0, 0x0f, 0xe0, 0x0b, 0xc0, 0x0f, 0xc0, 0x0f, 0xc0, 0x0f, 0xc0, 0x0f,
    0xc0, 0x0f, 0xc0, 0x0f, 0xc0, 0x0f, 0xc0, 0x0f, 0xc0, 0x0f, 0xc0, 0x0f, 0xc0, 0x0f, 0xc0, 0x0f,
    0xc0, 0x0f, 0xc0, 0x0f, 0xc0, 0x0f, 0xc0, 0x0f, 0xc0, 0x0f, 0xc0, 0x0f, 0xc0, 0x0f, 0xc0, 0x0f,
    0xc0, 0x0f, 0xe0, 0x0b, 0xc0, 0xaf, 0xfe, 0x03, 0xc0, 0xff, 0xff, 0x01, 0xc0, 0xff, 0x2f, 0x00,
    0x00, 0x00, 0x00, 0x00, 0x00, 0x00, 0x00, 0x00, 0x00, 0x00, 0x00, 0x00, 0x00, 0x00, 0x00, 0x00,
    0x00, 0x00, 0x00, 0x00, 0x00, 0x00, 0x00, 0x00, 0x00, 0x00, 0x00, 0x00, 0x00, 0x00, 0x00, 0x00,
    0x00, 0x00, 0x00, 0x00, 0x00, 0x00, 0x00, 0x00, 0x00, 0x00, 0x00, 0x00, 0x00, 0x00, 0x00, 0x00,
    0x00, 0x00, 0x00, 0x00, 0x00, 0x00, 0x00, 0x00, 0xc0, 0xff, 0xff, 0x0b, 0xc0, 0xff, 0xff, 0x0b,
    0xc0, 0xaf, 0xaa, 0x06, 0xc0, 0x0f, 0x00, 0x00, 0xc0, 0x0f, 0x00, 0x00, 0xc0, 0x0f, 0x00, 0x00,
    0xc0, 0x0f, 0x00, 0x00, 0xc0, 0xaf, 0xaa, 0x01, 0xc0, 0xff, 0xff, 0x02, 0xc0, 0xff, 0xff, 0x02,
    0xc0, 0x0f, 0x00, 0x00, 0xc0, 0x0f, 0x00, 0x00, 0xc0, 0x0f, 0x00, 0x00, 0xc0, 0x0f, 0x00, 0x00,
    0xc0, 0x0f, 0x00, 0x00, 0xc0, 0xaf, 0xaa, 0x06, 0xc0, 0xff, 0xff, 0x0b, 0xc0, 0xff, 0xff, 0x0b,
    0x00, 0x00, 0x00, 0x00, 0x00, 0x00, 0x00, 0x00, 0x00, 0x00, 0x00, 0x00, 0x00, 0x00, 0x00, 0x00,
    0x00, 0x00, 0x00, 0x00, 0x00, 0x00, 0x00, 0x00, 0x00, 0x00, 0x00, 0x00, 0x00, 0x00, 0x00, 0x00,
    0x00, 0x00, 0x00, 0x00, 0x00, 0x00, 0x00, 0x00, 0x00, 0x00, 0x00, 0x00, 0x00, 0x00, 0x00, 0x00,
    0x00, 0x00, 0x00, 0x00, 0x00, 0x00, 0x00, 0x00, 0xc0, 0xff, 0xff, 0x0f, 0xc0, 0xff, 0xff, 0x0f,
    0xc0, 0xaf, 0xaa, 0x0a, 0xc0, 0x0f, 0x00, 0x00, 0xc0, 0x0f, 0x00, 0x00, 0xc0, 0x0f, 0x00, 0x00,
    0xc0, 0x0f, 0x00, 0x00, 0xc0, 0xaf, 0xaa, 0x02, 0xc0, 0xff, 0xff, 0x03, 0xc0, 0xff, 0xff, 0x03,
    0xc0, 0x0f, 0x00, 0x00, 0xc0, 0x0f, 0x00, 0x00, 0xc0, 0x0f, 0x00, 0x00, 0xc0, 0x0f, 0x00, 0x00,
    0xc0, 0x0f, 0x00, 0x00, 0xc0, 0x0f, 0x00, 0x00, 0xc0, 0x0f, 0x00, 0x00, 0xc0, 0x0f, 0x00, 0x00,
    0x00, 0x00, 0x00, 0x00, 0x00, 0x00, 0x00, 0x00, 0x00, 0x00, 0x00, 0x00, 0x00, 0x00, 0x00, 0x00,
    0x00, 0x00, 0x00, 0x00, 0x00, 0x00, 0x00, 0x00, 0x00, 0x00, 0x00, 0x00, 0x00, 0x00, 0x00, 0x00,
    0x00, 0x00, 0x00, 0x00, 0x00, 0x00, 0x00, 0x00, 0x00, 0x00, 0x00, 0x00, 0x00, 0x00, 0x00, 0x00,
    0x00, 0x00, 0x00, 0x00, 0x00, 0x00, 0x00, 0x00, 0x00, 0xe4, 0x6f, 0x00, 0x00, 0xfe, 0xff, 0x02,
    0x40, 0xff, 0xfa, 0x07, 0x80, 0x2f, 0xd0, 0x0b, 0xc0, 0x0f, 0xc0, 0x0f, 0xc0, 0x0f, 0x00, 0x00,
    0xc0, 0x0f, 0x00, 0x00, 0xc0, 0x0f, 0x00, 0x00, 0xc0, 0x0f, 0xff, 0x0f, 0xc0, 0x0f, 0xff, 0x0f,
    0xc0, 0x0f, 0xea, 0x0f, 0xc0, 0x0f, 0xc0, 0x0f, 0xc0, 0x0f, 0xc0, 0x0f, 0xc0, 0x0f, 0xc0, 0x0f,
    0x80, 0x2f, 0xe0, 0x0b, 0x40, 0xff, 0xfe, 0x07, 0x00, 0xfe, 0xff, 0x01, 0x00, 0xe4, 0x6f, 0x00,
    0x00, 0x00, 0x00, 0x00, 0x00, 0x00, 0x00, 0x00, 0x00, 0x00, 0x00, 0x00, 0x00, 0x00, 0x00, 0x00,
    0x00, 0x00, 0x00, 0x00, 0x00, 0x00, 0x00, 0x00, 0x00, 0x00, 0x00, 0x00, 0x00, 0x00, 0x00, 0x00,
    0x00, 0x00, 0x00, 0x00, 0x00, 0x00, 0x00, 0x00, 0x00, 0x00, 0x00, 0x00, 0x00, 0x00, 0x00, 0x00,
    0x00, 0x00, 0x00, 0x00, 0x00, 0x00, 0x00, 0x00, 0xc0, 0x0f, 0xc0, 0x0f, 0xc0, 0x0f, 0xc0, 0x0f,
    0xc0, 0x0f, 0xc0, 0x0f, 0xc0, 0x0f, 0xc0, 0x0f, 0xc0, 0x0f, 0xc0, 0x0f, 0xc0, 0x0f, 0xc0, 0x0f,
    0xc0, 0x0f, 0xc0, 0x0f, 0xc0, 0xaf, 0xea, 0x0f, 0xc0, 0xff, 0xff, 0x0f, 0xc0, 0xff, 0xff, 0x0f,
    0xc0, 0x0f, 0xc0, 0x0f, 0xc0, 0x0f, 0xc0, 0x0f, 0xc0, 0x0f, 0xc0, 0x0f, 0xc0, 0x0f, 0xc0, 0x0f,
    0xc0, 0x0f, 0xc0, 0x0f, 0xc0, 0x0f, 0xc0, 0x0f, 0xc0, 0x0f, 0xc0, 0x0f, 0xc0, 0x0f, 0xc0, 0x0f,
    0x00, 0x00, 0x00, 0x00, 0x00, 0x00, 0x00, 0x00, 0x00, 0x00, 0x00, 0x00, 0x00, 0x00, 0x00, 0x00,
    0x00, 0x00, 0x00, 0x00, 0x00, 0x00, 0x00, 0x00, 0x00, 0x00, 0x00, 0x00, 0x00, 0x00, 0x00, 0x00,
    0x00, 0x00, 0x00, 0x00, 0x00, 0x00, 0x00, 0x00, 0x00, 0x00, 0x00, 0x00, 0x00, 0x00, 0x00, 0x00,
    0x00, 0x00, 0x00, 0x00, 0x00, 0x00, 0x00, 0x00, 0xc0, 0xff, 0xff, 0x03, 0xc0, 0xff, 0xff, 0x03,
    0x80, 0xfa, 0xab, 0x02, 0x00, 0xf0, 0x03, 0x00, 0x00, 0xf0, 0x03, 0x00, 0x00, 0xf0, 0x03, 0x00,
    0x00, 0xf0, 0x03, 0x00, 0x00, 0xf0, 0x03, 0x00, 0x00, 0xf0, 0x03, 0x00, 0x00, 0xf0, 0x03, 0x00,
    0x00, 0xf0, 0x03, 0x00, 0x00, 0xf0, 0x03, 0x00, 0x00, 0xf0, 0x03, 0x00, 0x00, 0xf0, 0x03, 0x00,
    0x00, 0xf0, 0x03, 0x00, 0x80, 0xfa, 0xab, 0x02, 0xc0, 0xff, 0xff, 0x03, 0xc0, 0xff, 0xff, 0x03,
    0x00, 0x00, 0x00, 0x00, 0x00, 0x00, 0x00, 0x00, 0x00, 0x00, 0x00, 0x00, 0x00, 0x00, 0x00, 0x00,
    0x00, 0x00, 0x00, 0x00, 0x00, 0x00, 0x00, 0x00, 0x00, 0x00, 0x00, 0x00, 0x00, 0x00, 0x00, 0x00,
    0x00, 0x00, 0x00, 0x00, 0x00, 0x00, 0x00, 0x00, 0x00, 0x00, 0x00, 0x00, 0x00, 0x00, 0x00, 0x00,
    0x00, 0x00, 0x00, 0x00, 0x00, 0x00, 0x00, 0x00, 0x00, 0xe0, 0xff, 0x03, 0x00, 0xe0, 0xff, 0x03,
    0x00, 0x90, 0xfa, 0x03, 0x00, 0x00, 0xf0, 0x03, 0x00, 0x00, 0xf0, 0x03, 0x00, 0x00, 0xf0, 0x03,
    0x00, 0x00, 0xf0, 0x03, 0x00, 0x00, 0xf0, 0x03, 0x00, 0x00, 0xf0, 0x03, 0x00, 0x00, 0xf0, 0x03,
    0x00, 0x00, 0xf0, 0x03, 0x00, 0x00, 0xf0, 0x03, 0xa0, 0x02, 0xf0, 0x03, 0xf0, 0x03, 0xf0, 0x03,
    0xe0, 0x0b, 0xf8, 0x02, 0xd0, 0xbf, 0xff, 0x01, 0x40, 0xff, 0x7f, 0x00, 0x00, 0xf9, 0x1b, 0x00,
    0x00, 0x00, 0x00, 0x00, 0x00, 0x00, 0x00, 0x00, 0x00, 0x00, 0x00, 0x00, 0x00, 0x00, 0x00, 0x00,
    0x00, 0x00, 0x00, 0x00, 0x00, 0x00, 0x00, 0x00, 0x00, 0x00, 0x00, 0x00, 0x00, 0x00, 0x00, 0x00,
    0x00, 0x00, 0x00, 0x00, 0x00, 0x00, 0x00, 0x00, 0x00, 0x00, 0x00, 0x00, 0x00, 0x00, 0x00, 0x00,
    0x00, 0x00, 0x00, 0x00, 0x00, 0x00, 0x00, 0x00, 0xc0, 0x0f, 0xc0, 0x1f, 0xc0, 0x0f, 0xd0, 0x0f,
    0xc0, 0x0f, 0xe0, 0x07, 0xc0, 0x0f, 0xf4, 0x03, 0xc0, 0x0f, 0xf8, 0x01, 0xc0, 0x0f, 0xfc, 0x00,
    0xc0, 0x0f, 0xbe, 0x00, 0xc0, 0xaf, 0x3f, 0x00, 0xc0, 0xff, 0x2f, 0x00, 0xc0, 0xff, 0x3f, 0x00,
    0xc0, 0x0f, 0x7e, 0x00, 0xc0, 0x0f, 0xfd, 0x00, 0xc0, 0x0f, 0xfc, 0x01, 0xc0, 0x0f, 0xf4, 0x02,
    0xc0, 0x0f, 0xf0, 0x07, 0xc0, 0x0f, 0xe0, 0x0b, 0xc0, 0x0f, 0xc0, 0x0f, 0xc0, 0x0f, 0x80, 0x2f,
    0x00, 0x00, 0x00, 0x00, 0x00, 0x00, 0x00, 0x00, 0x00, 0x00, 0x00, 0x00, 0x00, 0x00, 0x00, 0x00,
    0x00, 0x00, 0x00, 0x00, 0x00, 0x00, 0x00, 0x00, 0x00, 0x00, 0x00, 0x00, 0x00, 0x00, 0x00, 0x00,
    0x00, 0x00, 0x00, 0x00, 0x00, 0x00, 0x00, 0x00, 0x00, 0x00, 0x00, 0x00, 0x00, 0x00, 0x00, 0x00,
    0x00, 0x00, 0x00, 0x00, 0x00, 0x00, 0x00, 0x00, 0x00, 0x3f, 0x00, 0x00, 0x00, 0x3f, 0x00, 0x00,
    0x00, 0x3f, 0x00, 0x00, 0x00, 0x3f, 0x00, 0x00, 0x00, 0x3f, 0x00, 0x00, 0x00, 0x3f, 0x00, 0x00,
    0x00, 0x3f, 0x00, 0x00, 0x00, 0x3f, 0x00, 0x00, 0x00, 0x3f, 0x00, 0x00, 0x00, 0x3f, 0x00, 0x00,
    0x00, 0x3f, 0x00, 0x00, 0x00, 0x3f, 0x00, 0x00, 0x00, 0x3f, 0x00, 0x00, 0x00, 0x3f, 0x00, 0x00,
    0x00, 0x3f, 0x00, 0x00, 0x00, 0xbf, 0xaa, 0x1a, 0x00, 0xff, 0xff, 0x2f, 0x00, 0xff, 0xff, 0x2f,
    0x00, 0x00, 0x00, 0x00, 0x00, 0x00, 0x00, 0x00, 0x00, 0x00, 0x00, 0x00, 0x00, 0x00, 0x00, 0x00,
    0x00, 0x00, 0x00, 0x00, 0x00, 0x00, 0x00, 0x00, 0x00, 0x00, 0x00, 0x00, 0x00, 0x00, 0x00, 0x00,
    0x00, 0x00, 0x00, 0x00, 0x00, 0x00, 0x00, 0x00, 0x00, 0x00, 0x00, 0x00, 0x00, 0x00, 0x00, 0x00,
    0x00, 0x00, 0x00, 0x00, 0x00, 0x00, 0x00, 0x00, 0xf0, 0x0f, 0xf0, 0x0f, 0xf0, 0x0f, 0xf4, 0x0f,
    0xf0, 0x1f, 0xf4, 0x0f, 0xf0, 0x2e, 0xb8, 0x0f, 0xf0, 0x3e, 0xbc, 0x0f, 0xf0, 0x7a, 0xad, 0x0f,
    0xf0, 0xb6, 0xde, 0x0f, 0xf0, 0xb2, 0xcf, 0x0f, 0xf0, 0xf3, 0xcb, 0x0f, 0xf0, 0xe3, 0xc7, 0x0f,
    0xf0, 0x43, 0xc1, 0x0f, 0xf0, 0x03, 0xc0, 0x0f, 0xf0, 0x03, 0xc0, 0x0f, 0xf0, 0x03, 0xc0, 0x0f,
    0xf0, 0x03, 0xc0, 0x0f, 0xf0, 0x03, 0xc0, 0x0f, 0xf0, 0x03, 0xc0, 0x0f, 0xf0, 0x03, 0xc0, 0x0f,
    0x00, 0x00, 0x00, 0x00, 0x00, 0x00, 0x00, 0x00, 0x00, 0x00, 0x00, 0x00, 0x00, 0x00, 0x00, 0x00,
    0x00, 0x00, 0x00, 0x00, 0x00, 0x00, 0x00, 0x00, 0x00, 0x00, 0x00, 0x00, 0x00, 0x00, 0x00, 0x00,
    0x00, 0x00, 0x00, 0x00, 0x00, 0x00, 0x00, 0x00, 0x00, 0x00, 0x00, 0x00, 0x00, 0x00, 0x00, 0x00,
    0x00, 0x00, 0x00, 0x00, 0x00, 0x00, 0x00, 0x00, 0xc0, 0x3f, 0xc0, 0x0f, 0xc0, 0x7f, 0xc0, 0x0f,
    0xc0, 0xbf, 0xc0, 0x0f, 0xc0, 0xff, 0xc0, 0x0f, 0xc0, 0xff, 0xc1, 0x0f, 0xc0, 0xef, 0xc2, 0x0f,
    0xc0, 0xdf, 0xc3, 0x0f, 0xc0, 0xcf, 0xc3, 0x0f, 0xc0, 0x8f, 0xc7, 0x0f, 0xc0, 0x4f, 0xcb, 0x0f,
    0xc0, 0x0f, 0xcf, 0x0f, 0xc0, 0x0f, 0xde, 0x0f, 0xc0, 0x0f, 0xad, 0x0f, 0xc0, 0x0f, 0xbc, 0x0f,
    0xc0, 0x0f, 0xfc, 0x0f, 0xc0, 0x0f, 0xf8, 0x0f, 0xc0, 0x0f, 0xf4, 0x0f, 0xc0, 0x0f, 0xf0, 0x0f,
    0x00, 0x00, 0x00, 0x00, 0x00, 0x00, 0x00, 0x00, 0x00, 0x00, 0x00, 0x00, 0x00, 0x00, 0x00, 0x00,
    0x00, 0x00, 0x00, 0x00, 0x00, 0x00, 0x00, 0x00, 0x00, 0x00, 0x00, 0x00, 0x00, 0x00, 0x00, 0x00,
    0x00, 0x00, 0x00, 0x00, 0x00, 0x00, 0x00, 0x00, 0x00, 0x00, 0x00, 0x00, 0x00, 0x00, 0x00, 0x00,
    0x00, 0x00, 0x00, 0x00, 0x00, 0x00, 0x00, 0x00, 0x00, 0xe4, 0x6f, 0x00, 0x00, 0xfe, 0xff, 0x01,
    0x40, 0xbf, 0xfe, 0x07, 0x80, 0x1f, 0xe0, 0x0b, 0xc0, 0x0f, 0xc0, 0x0b, 0xc0, 0x0f, 0xc0, 0x0f,
    0xc0, 0x0f, 0xc0, 0x0f, 0xc0, 0x0f, 0xc0, 0x0f, 0xc0, 0x0f, 0xc0, 0x0f, 0xc0, 0x0f, 0xc0, 0x0f,
    0xc0, 0x0f, 0xc0, 0x0f, 0xc0, 0x0f, 0xc0, 0x0f, 0xc0, 0x0f, 0xc0, 0x0f, 0xc0, 0x0f, 0xc0, 0x0b,
    0x80, 0x2f, 0xe0, 0x0b, 0x40, 0xbf, 0xfe, 0x07, 0x00, 0xfe, 0xff, 0x01, 0x00, 0xe4, 0x6f, 0x00,
    0x00, 0x00, 0x00, 0x00, 0x00, 0x00, 0x00, 0x00, 0x00, 0x00, 0x00, 0x00, 0x00, 0x00, 0x00, 0x00,
    0x00, 0x00, 0x00, 0x00, 0x00, 0x00, 0x00, 0x00, 0x00, 0x00, 0x00, 0x00, 0x00, 0x00, 0x00, 0x00,
    0x00, 0x00, 0x00, 0x00, 0x00, 0x00, 0x00, 0x00, 0x00, 0x00, 0x00, 0x00, 0x00, 0x00, 0x00, 0x00,
    0x00, 0x00, 0x00, 0x00, 0x00, 0x00, 0x00, 0x00, 0xc0, 0xff, 0xaf, 0x00, 0xc0, 0xff, 0xff, 0x07,
    0xc0, 0xaf, 0xfa, 0x0f, 0xc0, 0x0f, 0x80, 0x2f, 0xc0, 0x0f, 0x40, 0x2f, 0xc0, 0x0f, 0x00, 0x3f,
    0xc0, 0x0f, 0x40, 0x2f, 0xc0, 0x0f, 0x80, 0x2f, 0xc0, 0xaf, 0xfa, 0x0f, 0xc0, 0xff, 0xff, 0x07,
    0xc0, 0xff, 0xaf, 0x00, 0xc0, 0x0f, 0x00, 0x00, 0xc0, 0x0f, 0x00, 0x00, 0xc0, 0x0f, 0x00, 0x00,
    0xc0, 0x0f, 0x00, 0x00, 0xc0, 0x0f, 0x00, 0x00, 0xc0, 0x0f, 0x00, 0x00, 0xc0, 0x0f, 0x00, 0x00,
    0x00, 0x00, 0x00, 0x00, 0x00, 0x00, 0x00, 0x00, 0x00, 0x00, 0x00, 0x00, 0x00, 0x00, 0x00, 0x00,
    0x00, 0x00, 0x00, 0x00, 0x00, 0x00, 0x00, 0x00, 0x00, 0x00, 0x00, 0x00, 0x00, 0x00, 0x00, 0x00,
    0x00, 0x00, 0x00, 0x00, 0x00, 0x00, 0x00, 0x00, 0x00, 0x00, 0x00, 0x00, 0x00, 0x00, 0x00, 0x00,
    0x00, 0x00, 0x00, 0x00, 0x00, 0x00, 0x00, 0x00, 0x00, 0xe4, 0x6f, 0x00, 0x00, 0xfe, 0xff, 0x02,
    0x40, 0xff, 0xfe, 0x07, 0x80, 0x2f, 0xe0, 0x0b, 0xc0, 0x0f, 0xc0, 0x0f, 0xc0, 0x0f, 0xc0, 0x0f,
    0xc0, 0x0f, 0xc0, 0x0f, 0xc0, 0x0f, 0xc0, 0x0f, 0xc0, 0x0f, 0xc0, 0x0f, 0xc0, 0x0f, 0xc0, 0x0f,
    0xc0, 0x0f, 0xc0, 0x0f, 0xc0, 0x0f, 0xc0, 0x0f, 0xc0, 0x0f, 0xc0, 0x0f, 0xc0, 0x0f, 0xc0, 0x0f,
    0x80, 0x2f, 0xe0, 0x0b, 0x40, 0xff, 0xfe, 0x07, 0x00, 0xfe, 0xff, 0x02, 0x00, 0xe4, 0xbf, 0x00,
    0x00, 0x00, 0xfc, 0x00, 0x00, 0x00, 0xf4, 0x02, 0x00, 0x00, 0xe0, 0x07, 0x00, 0x00, 0xd0, 0x0f,
    0x00, 0x00, 0x00, 0x00, 0x00, 0x00, 0x00, 0x00, 0x00, 0x00, 0x00, 0x00, 0x00, 0x00, 0x00, 0x00,
    0x00, 0x00, 0x00, 0x00, 0x00, 0x00, 0x00, 0x00, 0x00, 0x00, 0x00, 0x00, 0x00, 0x00, 0x00, 0x00,
    0x00, 0x00, 0x00, 0x00, 0x00, 0x00, 0x00, 0x00, 0xc0, 0xff, 0x6f, 0x00, 0xc0, 0xff, 0xff, 0x01,
    0xc0, 0xaf, 0xfe, 0x07, 0xc0, 0x0f, 0xe0, 0x0b, 0xc0, 0x0f, 0xc0, 0x0f, 0xc0, 0x0f, 0xc0, 0x0f,
    0xc0, 0x0f, 0xc0, 0x0f, 0xc0, 0x0f, 0xe4, 0x0b, 0xc0, 0xff, 0xff, 0x03, 0xc0, 0xff, 0xff, 0x01,
    0xc0, 0xaf, 0x3f, 0x00, 0xc0, 0x0f, 0x7e, 0x00, 0xc0, 0x0f, 0xbd, 0x00, 0xc0, 0x0f, 0xf8, 0x01,
    0xc0, 0x0f, 0xf4, 0x02, 0xc0, 0x0f, 0xf0, 0x03, 0xc0, 0x0f, 0xe0, 0x0b, 0xc0, 0x0f, 0xd0, 0x0f,
    0x00, 0x00, 0x00, 0x00, 0x00, 0x00, 0x00, 0x00, 0x00, 0x00, 0x00, 0x00, 0x00, 0x00, 0x00, 0x00,
    0x00, 0x00, 0x00, 0x00, 0x00, 0x00, 0x00, 0x00, 0x00, 0x00, 0x00, 0x00, 0x00, 0x00, 0x00, 0x00,
    0x00, 0x00, 0x00, 0x00, 0x00, 0x00, 0x00, 0x00, 0x00, 0x00, 0x00, 0x00, 0x00, 0x00, 0x00, 0x00,
    0x00, 0x00, 0x00, 0x00, 0x00, 0x00, 0x00, 0x00, 0x00, 0xf9, 0x1b, 0x00, 0x80, 0xff, 0xbf, 0x00,
    0xd0, 0xaf, 0xfe, 0x01, 0xe0, 0x07, 0xf4, 0x02, 0xf0, 0x03, 0xf0, 0x03, 0xf0, 0x03, 0x00, 0x00,
    0xe0, 0x0b, 0x00, 0x00, 0xc0, 0xbf, 0x01, 0x00, 0x40, 0xff, 0x6f, 0x00, 0x00, 0xf8, 0xff, 0x01,
    0x00, 0x40, 0xf9, 0x07, 0x00, 0x00, 0xe0, 0x0b, 0x00, 0x00, 0xc0, 0x0f, 0xf0, 0x03, 0xc0, 0x0f,
    0xe0, 0x0b, 0xe0, 0x0b, 0xd0, 0xbf, 0xfe, 0x07, 0x40, 0xff, 0xff, 0x01, 0x00, 0xf9, 0x2f, 0x00,
    0x00, 0x00, 0x00, 0x00, 0x00, 0x00, 0x00, 0x00, 0x00, 0x00, 0x00, 0x00, 0x00, 0x00, 0x00, 0x00,
    0x00, 0x00, 0x00, 0x00, 0x00, 0x00, 0x00, 0x00, 0x00, 0x00, 0x00, 0x00, 0x00, 0x00, 0x00, 0x00,
    0x00, 0x00, 0x00, 0x00, 0x00, 0x00, 0x00, 0x00, 0x00, 0x00, 0x00, 0x00, 0x00, 0x00, 0x00, 0x00,
    0x00, 0x00, 0x00, 0x00, 0x00, 0x00, 0x00, 0x00, 0xf0, 0xff, 0xff, 0x0f, 0xf0, 0xff, 0xff, 0x0f,
    0xa0, 0xea, 0xaf, 0x0a, 0x00, 0xc0, 0x0f, 0x00, 0x00, 0xc0, 0x0f, 0x00, 0x00, 0xc0, 0x0f, 0x00,
    0x00, 0xc0, 0x0f, 0x00, 0x00, 0xc0, 0x0f, 0x00, 0x00, 0xc0, 0x0f, 0x00, 0x00, 0xc0, 0x0f, 0x00,
    0x00, 0xc0, 0x0f, 0x00, 0x00, 0xc0, 0x0f, 0x00, 0x00, 0xc0, 0x0f, 0x00, 0x00, 0xc0, 0x0f, 0x00,
    0x00, 0xc0, 0x0f, 0x00, 0x00, 0xc0, 0x0f, 0x00, 0x00, 0xc0, 0x0f, 0x00, 0x00, 0xc0, 0x0f, 0x00,
    0x00, 0x00, 0x00, 0x00, 0x00, 0x00, 0x00, 0x00, 0x00, 0x00, 0x00, 0x00, 0x00, 0x00, 0x00, 0x00,
    0x00, 0x00, 0x00, 0x00, 0x00, 0x00, 0x00, 0x00, 0x00, 0x00, 0x00, 0x00, 0x00, 0x00, 0x00, 0x00,
    0x00, 0x00, 0x00, 0x00, 0x00, 0x00, 0x00, 0x00, 0x00, 0x00, 0x00, 0x00, 0x00, 0x00, 0x00, 0x00,
    0x00, 0x00, 0x00, 0x00, 0x00, 0x00, 0x00, 0x00, 0xc0, 0x0f, 0xc0, 0x0f, 0xc0, 0x0f, 0xc0, 0x0f,
    0xc0, 0x0f, 0xc0, 0x0f, 0xc0, 0x0f, 0xc0, 0x0f, 0xc0, 0x0f, 0xc0, 0x0f, 0xc0, 0x0f, 0xc0, 0x0f,
    0xc0, 0x0f, 0xc0, 0x0f, 0xc0, 0x0f, 0xc0, 0x0f, 0xc0, 0x0f, 0xc0, 0x0f, 0xc0, 0x0f, 0xc0, 0x0f,
    0xc0, 0x0f, 0xc0, 0x0f, 0xc0, 0x0f, 0xc0, 0x0f, 0xc0, 0x0f, 0xc0, 0x0f, 0xc0, 0x0f, 0xc0, 0x0f,
    0x80, 0x2f, 0xe0, 0x0b, 0x40, 0xff, 0xfe, 0x07, 0x00, 0xfe, 0xff, 0x01, 0x00, 0xe4, 0x6f, 0x00,
    0x00, 0x00, 0x00, 0x00, 0x00, 0x00, 0x00, 0x00, 0x00, 0x00, 0x00, 0x00, 0x00, 0x00, 0x00, 0x00,
    0x00, 0x00, 0x00, 0x00, 0x00, 0x00, 0x00, 0x00, 0x00, 0x00, 0x00, 0x00, 0x00, 0x00, 0x00, 0x00,
    0x00, 0x00, 0x00, 0x00, 0x00, 0x00, 0x00, 0x00, 0x00, 0x00, 0x00, 0x00, 0x00, 0x00, 0x00, 0x00,
    0x00, 0x00, 0x00, 0x00, 0x00, 0x00, 0x00, 0x00, 0xf0, 0x03, 0x80, 0x1f, 0xe0, 0x07, 0x80, 0x0f,
    0xd0, 0x07, 0xc0, 0x0f, 0xd0, 0x0b, 0xd0, 0x0b, 0xc0, 0x0f, 0xd0, 0x07, 0x80, 0x0f, 0xe0, 0x03,
    0x80, 0x1f, 0xf0, 0x03, 0x40, 0x2f, 0xf0, 0x02, 0x00, 0x2f, 0xf4, 0x01, 0x00, 0x3e, 0xf8, 0x01,
    0x00, 0x7e, 0xf8, 0x00, 0x00, 0xbd, 0xbc, 0x00, 0x00, 0xbc, 0x7d, 0x00, 0x00, 0xf8, 0x7d, 0x00,
    0x00, 0xf8, 0x3e, 0x00, 0x00, 0xf4, 0x2f, 0x00, 0x00, 0xf0, 0x1f, 0x00, 0x00, 0xe0, 0x1f, 0x00,
    0x00, 0x00, 0x00, 0x00, 0x00, 0x00, 0x00, 0x00, 0x00, 0x00, 0x00, 0x00, 0x00, 0x00, 0x00, 0x00,
    0x00, 0x00, 0x00, 0x00, 0x00, 0x00, 0x00, 0x00, 0x00, 0x00, 0x00, 0x00, 0x00, 0x00, 0x00, 0x00,
    0x00, 0x00, 0x00, 0x00, 0x00, 0x00, 0x00, 0x00, 0x00, 0x00, 0x00, 0x00, 0x00, 0x00, 0x00, 0x00,
    0x00, 0x00, 0x00, 0x00, 0x00, 0x00, 0x00, 0x00, 0xb8, 0xd0, 0x07, 0x2f, 0xf8, 0xd0, 0x07, 0x2f,
    0xf8, 0xd0, 0x0b, 0x1f, 0xf4, 0xe0, 0x0b, 0x1f, 0xf4, 0xa1, 0x4a, 0x1f, 0xf4, 0xb1, 0x4e, 0x0f,
    0xf0, 0xb1, 0x4e, 0x0f, 0xf0, 0x71, 0x4d, 0x0f, 0xf0, 0x76, 0x9d, 0x0b, 0xe0, 0x76, 0x9d, 0x0b,
    0xe0, 0x36, 0x9d, 0x0b, 0xe0, 0x3b, 0xdc, 0x07, 0xd0, 0x3b, 0xec, 0x07, 0xd0, 0x2b, 0xec, 0x07,
    0xd0, 0x2f, 0xe8, 0x03, 0xd0, 0x2f, 0xf8, 0x03, 0xc0, 0x1f, 0xf8, 0x03, 0xc0, 0x1f, 0xf4, 0x03,
    0x00, 0x00, 0x00, 0x00, 0x00, 0x00, 0x00, 0x00, 0x00, 0x00, 0x00, 0x00, 0x00, 0x00, 0x00, 0x00,
    0x00, 0x00, 0x00, 0x00, 0x00, 0x00, 0x00, 0x00, 0x00, 0x00, 0x00, 0x00, 0x00, 0x00, 0x00, 0x00,
    0x00, 0x00, 0x00, 0x00, 0x00, 0x00, 0x00, 0x00, 0x00, 0x00, 0x00, 0x00, 0x00, 0x00, 0x00, 0x00,
    0x00, 0x00, 0x00, 0x00, 0x00, 0x00, 0x00, 0x00, 0xe0, 0x07, 0xc0, 0x0f, 0xd0, 0x0f, 0xe0, 0x0b,
    0x80, 0x1f, 0xf0, 0x03, 0x40, 0x3f, 0xf8, 0x02, 0x00, 0x7e, 0xfc, 0x00, 0x00, 0xfc, 0x7d, 0x00,
    0x00, 0xf8, 0x3f, 0x00, 0x00, 0xf0, 0x1f, 0x00, 0x00, 0xe0, 0x0f, 0x00, 0x00, 0xe0, 0x1f, 0x00,
    0x00, 0xf4, 0x2f, 0x00, 0x00, 0xfc, 0x7e, 0x00, 0x00, 0xbd, 0xbd, 0x00, 0x00, 0x3f, 0xf8, 0x01,
    0x40, 0x2f, 0xf4, 0x03, 0xc0, 0x0f, 0xe0, 0x07, 0xd0, 0x0b, 0xd0, 0x0f, 0xf0, 0x03, 0x80, 0x1f,
    0x00, 0x00, 0x00, 0x00, 0x00, 0x00, 0x00, 0x00, 0x00, 0x00, 0x00, 0x00, 0x00, 0x00, 0x00, 0x00,
    0x00, 0x00, 0x00, 0x00, 0x00, 0x00, 0x00, 0x00, 0x00, 0x00, 0x00, 0x00, 0x00, 0x00, 0x00, 0x00,
    0x00, 0x00, 0x00, 0x00, 0x00, 0x00, 0x00, 0x00, 0x00, 0x00, 0x00, 0x00, 0x00, 0x00, 0x00, 0x00,
    0x00, 0x00, 0x00, 0x00, 0x00, 0x00, 0x00, 0x00, 0xf0, 0x03, 0x00, 0x3f, 0xd0, 0x0b, 0x80, 0x1f,
    0xc0, 0x0f, 0xc0, 0x0f, 0x80, 0x1f, 0xd0, 0x07, 0x00, 0x3f, 0xf0, 0x03, 0x00, 0x7e, 0xf4, 0x02,
    0x00, 0xbd, 0xf8, 0x00, 0x00, 0xf8, 0xbd, 0x00, 0x00, 0xf4, 0x7e, 0x00, 0x00, 0xf0, 0x2f, 0x00,
    0x00, 0xd0, 0x1f, 0x00, 0x00, 0xc0, 0x0f, 0x00, 0x00, 0xc0, 0x0f, 0x00, 0x00, 0xc0, 0x0f, 0x00,
    0x00, 0xc0, 0x0f, 0x00, 0x00, 0xc0, 0x0f, 0x00, 0x00, 0xc0, 0x0f, 0x00, 0x00, 0xc0, 0x0f, 0x00,
    0x00, 0x00, 0x00, 0x00, 0x00, 0x00, 0x00, 0x00, 0x00, 0x00, 0x00, 0x00, 0x00, 0x00, 0x00, 0x00,
    0x00, 0x00, 0x00, 0x00, 0x00, 0x00, 0x00, 0x00, 0x00, 0x00, 0x00, 0x00, 0x00, 0x00, 0x00, 0x00,
    0x00, 0x00, 0x00, 0x00, 0x00, 0x00, 0x00, 0x00, 0x00, 0x00, 0x00, 0x00, 0x00, 0x00, 0x00, 0x00,
    0x00, 0x00, 0x00, 0x00, 0x00, 0x00, 0x00, 0x00, 0xc0, 0xff, 0xff, 0x03, 0xc0, 0xff, 0xff, 0x03,
    0x80, 0xaa, 0xfa, 0x03, 0x00, 0x00, 0xf8, 0x02, 0x00, 0x00, 0xfc, 0x00, 0x00, 0x00, 0x7e, 0x00,
    0x00, 0x40, 0x3f, 0x00, 0x00, 0x80, 0x1f, 0x00, 0x00, 0xd0, 0x0b, 0x00, 0x00, 0xe0, 0x07, 0x00,
    0x00, 0xf4, 0x02, 0x00, 0x00, 0xfc, 0x01, 0x00, 0x00, 0xbd, 0x00, 0x00, 0x00, 0x3f, 0x00, 0x00,
    0x80, 0x2f, 0x00, 0x00, 0xc0, 0xaf, 0xaa, 0x0a, 0xc0, 0xff, 0xff, 0x0f, 0xc0, 0xff, 0xff, 0x0f,
    0x00, 0x00, 0x00, 0x00, 0x00, 0x00, 0x00, 0x00, 0x00, 0x00, 0x00, 0x00, 0x00, 0x00, 0x00, 0x00,
    0x00, 0x00, 0x00, 0x00, 0x00, 0x00, 0x00, 0x00, 0x00, 0x00, 0x00, 0x00, 0x00, 0x00, 0x00, 0x00,
    0x00, 0x00, 0x00, 0x00, 0x00, 0x00, 0x00, 0x00, 0x00, 0x00, 0x00, 0x00, 0x00, 0xa8, 0x6a, 0x00,
    0x00, 0xfc, 0xbf, 0x00, 0x00, 0xfc, 0xbf, 0x00, 0x00, 0xfc, 0x00, 0x00, 0x00, 0xfc, 0x00, 0x00,
    0x00, 0xfc, 0x00, 0x00, 0x00, 0xfc, 0x00, 0x00, 0x00, 0xfc, 0x00, 0x00, 0x00, 0xfc, 0x00, 0x00,
    0x00, 0xfc, 0x00, 0x00, 0x00, 0xfc, 0x00, 0x00, 0x00, 0xfc, 0x00, 0x00, 0x00, 0xfc, 0x00, 0x00,
    0x00, 0xfc, 0x00, 0x00, 0x00, 0xfc, 0x00, 0x00, 0x00, 0xfc, 0x00, 0x00, 0x00, 0xfc, 0x00, 0x00,
    0x00, 0xfc, 0x00, 0x00, 0x00, 0xfc, 0x00, 0x00, 0x00, 0xfc, 0x00, 0x00, 0x00, 0xfc, 0x00, 0x00,
    0x00, 0xfc, 0x6a, 0x00, 0x00, 0xfc, 0xbf, 0x00, 0x00, 0xfc, 0xbf, 0x00, 0x00, 0x00, 0x00, 0x00,
    0x00, 0x00, 0x00, 0x00, 0x00, 0x00, 0x00, 0x00, 0x00, 0x00, 0x00, 0x00, 0x00, 0x00, 0x00, 0x00,
    0x00, 0x00, 0x00, 0x00, 0x00, 0x00, 0x00, 0x00, 0x00, 0x00, 0x00, 0x00, 0x90, 0x06, 0x00, 0x00,
    0xc0, 0x0f, 0x00, 0x00, 0x80, 0x1f, 0x00, 0x00, 0x40, 0x2f, 0x00, 0x00, 0x00, 0x3f, 0x00, 0x00,
    0x00, 0x7e, 0x00, 0x00, 0x00, 0xbd, 0x00, 0x00, 0x00, 0xfc, 0x00, 0x00, 0x00, 0xf8, 0x01, 0x00,
    0x00, 0xf4, 0x02, 0x00, 0x00, 0xf0, 0x03, 0x00, 0x00, 0xe0, 0x07, 0x00, 0x00, 0xd0, 0x0b, 0x00,
    0x00, 0xc0, 0x0f, 0x00, 0x00, 0x80, 0x1f, 0x00, 0x00, 0x00, 0x3f, 0x00, 0x00, 0x00, 0x7e, 0x00,
    0x00, 0x00, 0xbd, 0x00, 0x00, 0x00, 0xfc, 0x00, 0x00, 0x00, 0xf8, 0x01, 0x00, 0x00, 0xf4, 0x02,
    0x00, 0x00, 0xf0, 0x03, 0x00, 0x00, 0xe0, 0x07, 0x00, 0x00, 0xd0, 0x0b, 0x00, 0x00, 0x00, 0x00,
    0x00, 0x00, 0x00, 0x00, 0x00, 0x00, 0x00, 0x00, 0x00, 0x00, 0x00, 0x00, 0x00, 0x00, 0x00, 0x00,
    0x00, 0x00, 0x00, 0x00, 0x00, 0x00, 0x00, 0x00, 0x00, 0x00, 0x00, 0x00, 0x00, 0xa9, 0x2a, 0x00,
    0x00, 0xfe, 0x3f, 0x00, 0x00, 0xfe, 0x3f, 0x00, 0x00, 0x00, 0x3f, 0x00, 0x00, 0x00, 0x3f, 0x00,
    0x00, 0x00, 0x3f, 0x00, 0x00, 0x00, 0x3f, 0x00, 0x00, 0x00, 0x3f, 0x00, 0x00, 0x00, 0x3f, 0x00,
    0x00, 0x00, 0x3f, 0x00, 0x00, 0x00, 0x3f, 0x00, 0x00, 0x00, 0x3f, 0x00, 0x00, 0x00, 0x3f, 0x00,
    0x00, 0x00, 0x3f, 0x00, 0x00, 0x00, 0x3f, 0x00, 0x00, 0x00, 0x3f, 0x00, 0x00, 0x00, 0x3f, 0x00,
    0x00, 0x00, 0x3f, 0x00, 0x00, 0x00, 0x3f, 0x00, 0x00, 0x00, 0x3f, 0x00, 0x00, 0x00, 0x3f, 0x00,
    0x00, 0xa9, 0x3f, 0x00, 0x00, 0xfe, 0x3f, 0x00, 0x00, 0xfe, 0x3f, 0x00, 0x00, 0x00, 0x00, 0x00,
    0x00, 0x00, 0x00, 0x00, 0x00, 0x00, 0x00, 0x00, 0x00, 0x00, 0x00, 0x00, 0x00, 0x00, 0x00, 0x00,
    0x00, 0x00, 0x00, 0x00, 0x00, 0x00, 0x00, 0x00, 0x00, 0x00, 0x00, 0x00, 0x00, 0x00, 0x00, 0x00,
    0x00, 0x00, 0x00, 0x00, 0x00, 0xd0, 0x0b, 0x00, 0x00, 0xe0, 0x1f, 0x00, 0x00, 0xf4, 0x2f, 0x00,
    0x00, 0xf8, 0x3d, 0x00, 0x00, 0xbc, 0x7c, 0x00, 0x00, 0x3d, 0xf8, 0x00, 0x00, 0x2f, 0xf4, 0x01,
    0x40, 0x1f, 0xf0, 0x02, 0x80, 0x0f, 0xe0, 0x03, 0xc0, 0x0b, 0xc0, 0x0b, 0x00, 0x00, 0x00, 0x00,
    0x00, 0x00, 0x00, 0x00, 0x00, 0x00, 0x00, 0x00, 0x00, 0x00, 0x00, 0x00, 0x00, 0x00, 0x00, 0x00,
    0x00, 0x00, 0x00, 0x00, 0x00, 0x00, 0x00, 0x00, 0x00, 0x00, 0x00, 0x00, 0x00, 0x00, 0x00, 0x00,
    0x00, 0x00, 0x00, 0x00, 0x00, 0x00, 0x00, 0x00, 0x00, 0x00, 0x00, 0x00, 0x00, 0x00, 0x00, 0x00,
    0x00, 0x00, 0x00, 0x00, 0x00, 0x00, 0x00, 0x00, 0x00, 0x00, 0x00, 0x00, 0x00, 0x00, 0x00, 0x00,
    0x00, 0x00, 0x00, 0x00, 0x00, 0x00, 0x00, 0x00, 0x00, 0x00, 0x00, 0x00, 0x00, 0x00, 0x00, 0x00,
    0x00, 0x00, 0x00, 0x00, 0x00, 0x00, 0x00, 0x00, 0x00, 0x00, 0x00, 0x00, 0x00, 0x00, 0x00, 0x00,
    0x00, 0x00, 0x00, 0x00, 0x00, 0x00, 0x00, 0x00, 0x00, 0x00, 0x00, 0x00, 0x00, 0x00, 0x00, 0x00,
    0x00, 0x00, 0x00, 0x00, 0x00, 0x00, 0x00, 0x00, 0x00, 0x00, 0x00, 0x00, 0x00, 0x00, 0x00, 0x00,
    0x00, 0x00, 0x00, 0x00, 0x00, 0x00, 0x00, 0x00, 0x00, 0x00, 0x00, 0x00, 0x00, 0x00, 0x00, 0x00,
    0x00, 0x00, 0x00, 0x00, 0x00, 0x00, 0x00, 0x00, 0x00, 0x00, 0x00, 0x00, 0x00, 0x00, 0x00, 0x00,
    0xa0, 0xaa, 0xaa, 0x0a, 0xf0, 0xff, 0xff, 0x0f, 0xf0, 0xff, 0xff, 0x0f, 0x00, 0x00, 0x00, 0x00,
    0x00, 0x00, 0x00, 0x00, 0x00, 0x00, 0x00, 0x00, 0x00, 0x00, 0x00, 0x00, 0x00, 0x00, 0x00, 0x00,
    0x00, 0x00, 0x00, 0x00, 0x00, 0x00, 0x00, 0x00, 0x00, 0x00, 0x00, 0x00, 0x00, 0x00, 0x00, 0x00,
    0x00, 0xf8, 0x01, 0x00, 0x00, 0xf0, 0x03, 0x00, 0x00, 0xd0, 0x0b, 0x00, 0x00, 0x80, 0x1f, 0x00,
    0x00, 0x00, 0x00, 0x00, 0x00, 0x00, 0x00, 0x00, 0x00, 0x00, 0x00, 0x00, 0x00, 0x00, 0x00, 0x00,
    0x00, 0x00, 0x00, 0x00, 0x00, 0x00, 0x00, 0x00, 0x00, 0x00, 0x00, 0x00, 0x00, 0x00, 0x00, 0x00,
    0x00, 0x00, 0x00, 0x00, 0x00, 0x00, 0x00, 0x00, 0x00, 0x00, 0x00, 0x00, 0x00, 0x00, 0x00, 0x00,
    0x00, 0x00, 0x00, 0x00, 0x00, 0x00, 0x00, 0x00, 0x00, 0x00, 0x00, 0x00, 0x00, 0x00, 0x00, 0x00,
    0x00, 0x00, 0x00, 0x00, 0x00, 0x00, 0x00, 0x00, 0x00, 0x00, 0x00, 0x00, 0x00, 0x00, 0x00, 0x00,
    0x00, 0x00, 0x00, 0x00, 0x00, 0x00, 0x00, 0x00, 0x00, 0x00, 0x00, 0x00, 0x00, 0x00, 0x00, 0x00,
    0x00, 0x00, 0x00, 0x00, 0x00, 0x00, 0x00, 0x00, 0x00, 0x00, 0x00, 0x00, 0x00, 0x00, 0x00, 0x00,
    0x00, 0x00, 0x00, 0x00, 0x00, 0x00, 0x00, 0x00, 0x00, 0x00, 0x00, 0x00, 0x00, 0x00, 0x00, 0x00,
    0x00, 0x00, 0x00, 0x00, 0x00, 0x00, 0x00, 0x00, 0x00, 0xf8, 0x1b, 0x00, 0x00, 0xff, 0xbf, 0x00,
    0x80, 0xbf, 0xfe, 0x02, 0xd0, 0x0b, 0xf4, 0x03, 0x40, 0x01, 0xf0, 0x03, 0x00, 0x00, 0xf0, 0x03,
    0x00, 0xfe, 0xff, 0x03, 0xd0, 0xff, 0xff, 0x03, 0xe0, 0x07, 0xf0, 0x03, 0xf0, 0x03, 0xf0, 0x03,
    0xf0, 0x07, 0xf8, 0x03, 0xe0, 0xaf, 0xff, 0x03, 0xd0, 0xff, 0xfb, 0x03, 0x40, 0xbe, 0xf1, 0x03,
    0x00, 0x00, 0x00, 0x00, 0x00, 0x00, 0x00, 0x00, 0x00, 0x00, 0x00, 0x00, 0x00, 0x00, 0x00, 0x00,
    0x00, 0x00, 0x00, 0x00, 0x00, 0x00, 0x00, 0x00, 0x00, 0x00, 0x00, 0x00, 0x00, 0x00, 0x00, 0x00,
    0x00, 0x00, 0x00, 0x00, 0x00, 0x00, 0x00, 0x00, 0x00, 0x00, 0x00, 0x00, 0x00, 0x00, 0x00, 0x00,
    0x00, 0x00, 0x00, 0x00, 0x00, 0x00, 0x00, 0x00, 0xc0, 0x0f, 0x00, 0x00, 0xc0, 0x0f, 0x00, 0x00,
    0xc0, 0x0f, 0x00, 0x00, 0xc0, 0x0f, 0x00, 0x00, 0xc0, 0x8f, 0xbf, 0x00, 0xc0, 0xef, 0xff, 0x02,
    0xc0, 0xff, 0xfe, 0x07, 0xc0, 0x2f, 0xe0, 0x0b, 0xc0, 0x0f, 0xc0, 0x0f, 0xc0, 0x0f, 0xc0, 0x0f,
    0xc0, 0x0f, 0xc0, 0x0f, 0xc0, 0x0f, 0xc0, 0x0f, 0xc0, 0x0f, 0xc0, 0x0f, 0xc0, 0x0f, 0xc0, 0x0f,
    0xc0, 0x2f, 0xe0, 0x0b, 0xc0, 0xff, 0xfe, 0x07, 0xc0, 0xdf, 0xff, 0x02, 0xc0, 0x4f, 0xbf, 0x00,
    0x00, 0x00, 0x00, 0x00, 0x00, 0x00, 0x00, 0x00, 0x00, 0x00, 0x00, 0x00, 0x00, 0x00, 0x00, 0x00,
    0x00, 0x00, 0x00, 0x00, 0x00, 0x00, 0x00, 0x00, 0x00, 0x00, 0x00, 0x00, 0x00, 0x00, 0x00, 0x00,
    0x00, 0x00, 0x00, 0x00, 0x00, 0x00, 0x00, 0x00, 0x00, 0x00, 0x00, 0x00, 0x00, 0x00, 0x00, 0x00,
    0x00, 0x00, 0x00, 0x00, 0x00, 0x00, 0x00, 0x00, 0x00, 0x00, 0x00, 0x00, 0x00, 0x00, 0x00, 0x00,
    0x00, 0x00, 0x00, 0x00, 0x00, 0x00, 0x00, 0x00, 0x00, 0xe4, 0x6f, 0x00, 0x00, 0xfd, 0xff, 0x02,
    0x40, 0xff, 0xfa, 0x07, 0x80, 0x2f, 0xd0, 0x0b, 0xc0, 0x0f, 0xc0, 0x0f, 0xc0, 0x0f, 0x00, 0x00,
    0xc0, 0x0f, 0x00, 0x00, 0xc0, 0x0f, 0x00, 0x00, 0xc0, 0x0f, 0x00, 0x00, 0xc0, 0x0f, 0xc0, 0x0f,
    0x80, 0x2f, 0xd0, 0x0b, 0x40, 0xff, 0xfa, 0x07, 0x00, 0xfd, 0xff, 0x02, 0x00, 0xe4, 0x6f, 0x00,
    0x00, 0x00, 0x00, 0x00, 0x00, 0x00, 0x00, 0x00, 0x00, 0x00, 0x00, 0x00, 0x00, 0x00, 0x00, 0x00,
    0x00, 0x00, 0x00, 0x00, 0x00, 0x00, 0x00, 0x00, 0x00, 0x00, 0x00, 0x00, 0x00, 0x00, 0x00, 0x00,
    0x00, 0x00, 0x00, 0x00, 0x00, 0x00, 0x00, 0x00, 0x00, 0x00, 0x00, 0x00, 0x00, 0x00, 0x00, 0x00,
    0x00, 0x00, 0x00, 0x00, 0x00, 0x00, 0x00, 0x00, 0x00, 0x00, 0xc0, 0x0f, 0x00, 0x00, 0xc0, 0x0f,
    0x00, 0x00, 0xc0, 0x0f, 0x00, 0x00, 0xc0, 0x0f, 0x00, 0xf8, 0xcb, 0x0f, 0x00, 0xfe, 0xef, 0x0f,
    0x40, 0xff, 0xfe, 0x0f, 0x80, 0x2f, 0xe0, 0x0f, 0xc0, 0x0f, 0xc0, 0x0f, 0xc0, 0x0f, 0xc0, 0x0f,
    0xc0, 0x0f, 0xc0, 0x0f, 0xc0, 0x0f, 0xc0, 0x0f, 0xc0, 0x0f, 0xc0, 0x0f, 0xc0, 0x0f, 0xc0, 0x0f,
    0x80, 0x2f, 0xf0, 0x0f, 0x40, 0xff, 0xee, 0x0f, 0x00, 0xfe, 0xdf, 0x0f, 0x00, 0xf8, 0xc6, 0x0f,
    0x00, 0x00, 0x00, 0x00, 0x00, 0x00, 0x00, 0x00, 0x00, 0x00, 0x00, 0x00, 0x00, 0x00, 0x00, 0x00,
    0x00, 0x00, 0x00, 0x00, 0x00, 0x00, 0x00, 0x00, 0x00, 0x00, 0x00, 0x00, 0x00, 0x00, 0x00, 0x00,
    0x00, 0x00, 0x00, 0x00, 0x00, 0x00, 0x00, 0x00, 0x00, 0x00, 0x00, 0x00, 0x00, 0x00, 0x00, 0x00,
    0x00, 0x00, 0x00, 0x00, 0x00, 0x00, 0x00, 0x00, 0x00, 0x00, 0x00, 0x00, 0x00, 0x00, 0x00, 0x00,
    0x00, 0x00, 0x00, 0x00, 0x00, 0x00, 0x00, 0x00, 0x00, 0xe4, 0x6f, 0x00, 0x00, 0xfe, 0xff, 0x01,
    0x40, 0xff, 0xfe, 0x07, 0x80, 0x2f, 0xe0, 0x0b, 0xc0, 0x0f, 0xc0, 0x0f, 0xc0, 0x0f, 0xc0, 0x0f,
    0xc0, 0xff, 0xff, 0x0f, 0xc0, 0xff, 0xff, 0x0f, 0xc0, 0x0f, 0x00, 0x00, 0xc0, 0x0f, 0x00, 0x00,
    0x80, 0x1f, 0xd0, 0x0b, 0x40, 0xff, 0xfa, 0x07, 0x00, 0xfd, 0xff, 0x02, 0x00, 0xe4, 0x6f, 0x00,
    0x00, 0x00, 0x00, 0x00, 0x00, 0x00, 0x00, 0x00, 0x00, 0x00, 0x00, 0x00, 0x00, 0x00, 0x00, 0x00,
    0x00, 0x00, 0x00, 0x00, 0x00, 0x00, 0x00, 0x00, 0x00, 0x00, 0x00, 0x00, 0x00, 0x00, 0x00, 0x00,
    0x00, 0x00, 0x00, 0x00, 0x00, 0x00, 0x00, 0x00, 0x00, 0x00, 0x00, 0x00, 0x00, 0x00, 0x00, 0x00,
    0x00, 0x00, 0x00, 0x00, 0x00, 0x00, 0x00, 0x00, 0x00, 0x40, 0xfe, 0x0f, 0x00, 0xd0, 0xff, 0x0f,
    0x00, 0xe0, 0xaf, 0x0a, 0x00, 0xf0, 0x03, 0x00, 0x00, 0xf0, 0x03, 0x00, 0x00, 0xf0, 0x03, 0x00,
    0xf0, 0xff, 0xff, 0x0f, 0xf0, 0xff, 0xff, 0x0f, 0xa0, 0xfa, 0xab, 0x0a, 0x00, 0xf0, 0x03, 0x00,
    0x00, 0xf0, 0x03, 0x00, 0x00, 0xf0, 0x03, 0x00, 0x00, 0xf0, 0x03, 0x00, 0x00, 0xf0, 0x03, 0x00,
    0x00, 0xf0, 0x03, 0x00, 0x00, 0xf0, 0x03, 0x00, 0x00, 0xf0, 0x03, 0x00, 0x00, 0xf0, 0x03, 0x00,
    0x00, 0x00, 0x00, 0x00, 0x00, 0x00, 0x00, 0x00, 0x00, 0x00, 0x00, 0x00, 0x00, 0x00, 0x00, 0x00,
    0x00, 0x00, 0x00, 0x00, 0x00, 0x00, 0x00, 0x00, 0x00, 0x00, 0x00, 0x00, 0x00, 0x00, 0x00, 0x00,
    0x00, 0x00, 0x00, 0x00, 0x00, 0x00, 0x00, 0x00, 0x00, 0x00, 0x00, 0x00, 0x00, 0x00, 0x00, 0x00,
    0x00, 0x00, 0x00, 0x00, 0x00, 0x00, 0x00, 0x00, 0x00, 0x00, 0x00, 0x00, 0x00, 0x00, 0x00, 0x00,
    0x00, 0x00, 0x00, 0x00, 0x00, 0x00, 0x00, 0x00, 0x00, 0xf8, 0xc6, 0x0f, 0x00, 0xfe, 0xdf, 0x0f,
    0x40, 0xbf, 0xee, 0x0f, 0x80, 0x1f, 0xe0, 0x0f, 0xc0, 0x0f, 0xc0, 0x0f, 0xc0, 0x0f, 0xc0, 0x0f,
    0xc0, 0x0f, 0xc0, 0x0f, 0xc0, 0x0f, 0xc0, 0x0f, 0xc0, 0x0f, 0xd0, 0x0f, 0x80, 0x6f, 0xf4, 0x0f,
    0x40, 0xff, 0xef, 0x0f, 0x00, 0xfe, 0xdf, 0x0f, 0x00, 0xa4, 0xc2, 0x0f, 0x00, 0x00, 0xc0, 0x0f,
    0x00, 0x00, 0xd0, 0x0b, 0x00, 0xa8, 0xfa, 0x0b, 0x00, 0xfc, 0xff, 0x02, 0x00, 0xfc, 0x6f, 0x00,
    0x00, 0x00, 0x00, 0x00, 0x00, 0x00, 0x00, 0x00, 0x00, 0x00, 0x00, 0x00, 0x00, 0x00, 0x00, 0x00,
    0x00, 0x00, 0x00, 0x00, 0x00, 0x00, 0x00, 0x00, 0x00, 0x00, 0x00, 0x00, 0x00, 0x00, 0x00, 0x00,
    0x00, 0x00, 0x00, 0x00, 0x00, 0x00, 0x00, 0x00, 0xc0, 0x0f, 0x00, 0x00, 0xc0, 0x0f, 0x00, 0x00,
    0xc0, 0x0f, 0x00, 0x00, 0xc0, 0x0f, 0x00, 0x00, 0xc0, 0x4f, 0xbf, 0x00, 0xc0, 0xdf, 0xff, 0x02,
    0xc0, 0xff, 0xfe, 0x07, 0xc0, 0x2f, 0xe0, 0x0b, 0xc0, 0x0f, 0xc0, 0x0f, 0xc0, 0x0f, 0xc0, 0x0f,
    0xc0, 0x0f, 0xc0, 0x0f, 0xc0, 0x0f, 0xc0, 0x0f, 0xc0, 0x0f, 0xc0, 0x0f, 0xc0, 0x0f, 0xc0, 0x0f,
    0xc0, 0x0f, 0xc0, 0x0f, 0xc0, 0x0f, 0xc0, 0x0f, 0xc0, 0x0f, 0xc0, 0x0f, 0xc0, 0x0f, 0xc0, 0x0f,
    0x00, 0x00, 0x00, 0x00, 0x00, 0x00, 0x00, 0x00, 0x00, 0x00, 0x00, 0x00, 0x00, 0x00, 0x00, 0x00,
    0x00, 0x00, 0x00, 0x00, 0x00, 0x00, 0x00, 0x00, 0x00, 0x00, 0x00, 0x00, 0x00, 0x00, 0x00, 0x00,
    0x00, 0x00, 0x00, 0x00, 0x00, 0x00, 0x00, 0x00, 0x00, 0x00, 0x00, 0x00, 0x00, 0x00, 0x00, 0x00,
    0x00, 0x40, 0x1f, 0x00, 0x00, 0xc0, 0x3f, 0x00, 0x00, 0xc0, 0x3f, 0x00, 0x00, 0x40, 0x1f, 0x00,
    0x00, 0x00, 0x00, 0x00, 0x00, 0x00, 0x00, 0x00, 0x40, 0xff, 0x3f, 0x00, 0x40, 0xff, 0x3f, 0x00,
    0x40, 0xaa, 0x3f, 0x00, 0x00, 0x00, 0x3f, 0x00, 0x00, 0x00, 0x3f, 0x00, 0x00, 0x00, 0x3f, 0x00,
    0x00, 0x00, 0x3f, 0x00, 0x00, 0x00, 0x3f, 0x00, 0x00, 0x00, 0x3f, 0x00, 0x00, 0x00, 0x3f, 0x00,
    0x00, 0x00, 0x3f, 0x00, 0x80, 0xaa, 0xbf, 0x2a, 0xc0, 0xff, 0xff, 0x3f, 0xc0, 0xff, 0xff, 0x3f,
    0x00, 0x00, 0x00, 0x00, 0x00, 0x00, 0x00, 0x00, 0x00, 0x00, 0x00, 0x00, 0x00, 0x00, 0x00, 0x00,
    0x00, 0x00, 0x00, 0x00, 0x00, 0x00, 0x00, 0x00, 0x00, 0x00, 0x00, 0x00, 0x00, 0x00, 0x00, 0x00,
    0x00, 0x00, 0x00, 0x00, 0x00, 0x00, 0x00, 0x00, 0x00, 0x00, 0x00, 0x00, 0x00, 0x00, 0x00, 0x00,
    0x00, 0x00, 0x7d, 0x00, 0x00, 0x00, 0xff, 0x00, 0x00, 0x00, 0xff, 0x00, 0x00, 0x00, 0x7d, 0x00,
    0x00, 0x00, 0x00, 0x00, 0x00, 0x00, 0x00, 0x00, 0x80, 0xff, 0xff, 0x00, 0x80, 0xff, 0xff, 0x00,
    0x80, 0xaa, 0xfe, 0x00, 0x00, 0x00, 0xfc, 0x00, 0x00, 0x00, 0xfc, 0x00, 0x00, 0x00, 0xfc, 0x00,
    0x00, 0x00, 0xfc, 0x00, 0x00, 0x00, 0xfc, 0x00, 0x00, 0x00, 0xfc, 0x00, 0x00, 0x00, 0xfc, 0x00,
    0x00, 0x00, 0xfc, 0x00, 0x00, 0x00, 0xfc, 0x00, 0x00, 0x00, 0xfc, 0x00, 0x00, 0x00, 0xfc, 0x00,
    0x00, 0x00, 0xbe, 0x00, 0x90, 0xea, 0x7f, 0x00, 0xe0, 0xff, 0x1f, 0x00, 0xe0, 0xff, 0x06, 0x00,
    0x00, 0x00, 0x00, 0x00, 0x00, 0x00, 0x00, 0x00, 0x00, 0x00, 0x00, 0x00, 0x00, 0x00, 0x00, 0x00,
    0x00, 0x00, 0x00, 0x00, 0x00, 0x00, 0x00, 0x00, 0x00, 0x00, 0x00, 0x00, 0x00, 0x00, 0x00, 0x00,
    0x00, 0x00, 0x00, 0x00, 0x00, 0x00, 0x00, 0x00, 0xc0, 0x0f, 0x00, 0x00, 0xc0, 0x0f, 0x00, 0x00,
    0xc0, 0x0f, 0x00, 0x00, 0xc0, 0x0f, 0x00, 0x00, 0xc0, 0x0f, 0xc0, 0x1f, 0xc0, 0x0f, 0xe0, 0x0b,
    0xc0, 0x0f, 0xf4, 0x03, 0xc0, 0x0f, 0xf8, 0x01, 0xc0, 0x0f, 0xfd, 0x00, 0xc0, 0xaf, 0x7f, 0x00,
    0xc0, 0xff, 0x2f, 0x00, 0xc0, 0xff, 0x3f, 0x00, 0xc0, 0x0f, 0xbe, 0x00, 0xc0, 0x0f, 0xfc, 0x01,
    0xc0, 0x0f, 0xf8, 0x02, 0xc0, 0x0f, 0xf0, 0x07, 0xc0, 0x0f, 0xd0, 0x0f, 0xc0, 0x0f, 0xc0, 0x1f,
    0x00, 0x00, 0x00, 0x00, 0x00, 0x00, 0x00, 0x00, 0x00, 0x00, 0x00, 0x00, 0x00, 0x00, 0x00, 0x00,
    0x00, 0x00, 0x00, 0x00, 0x00, 0x00, 0x00, 0x00, 0x00, 0x00, 0x00, 0x00, 0x00, 0x00, 0x00, 0x00,
    0x00, 0x00, 0x00, 0x00, 0x00, 0x00, 0x00, 0x00, 0x00, 0x00, 0x00, 0x00, 0x00, 0x00, 0x00, 0x00,
    0x00, 0x00, 0x00, 0x00, 0x00, 0x00, 0x00, 0x00, 0xf8, 0xff, 0x03, 0x00, 0xf8, 0xff, 0x03, 0x00,
    0xa4, 0xfa, 0x03, 0x00, 0x00, 0xf0, 0x03, 0x00, 0x00, 0xf0, 0x03, 0x00, 0x00, 0xf0, 0x03, 0x00,
    0x00, 0xf0, 0x03, 0x00, 0x00, 0xf0, 0x03, 0x00, 0x00, 0xf0, 0x03, 0x00, 0x00, 0xf0, 0x03, 0x00,
    0x00, 0xf0, 0x03, 0x00, 0x00, 0xf0, 0x03, 0x00, 0x00, 0xf0, 0x03, 0x00, 0x00, 0xf0, 0x03, 0x00,
    0x00, 0xf0, 0x03, 0x00, 0x00, 0xe0, 0xaf, 0x1a, 0x00, 0xc0, 0xff, 0x2f, 0x00, 0x00, 0xfe, 0x2f,
    0x00, 0x00, 0x00, 0x00, 0x00, 0x00, 0x00, 0x00, 0x00, 0x00, 0x00, 0x00, 0x00, 0x00, 0x00, 0x00,
    0x00, 0x00, 0x00, 0x00, 0x00, 0x00, 0x00, 0x00, 0x00, 0x00, 0x00, 0x00, 0x00, 0x00, 0x00, 0x00,
    0x00, 0x00, 0x00, 0x00, 0x00, 0x00, 0x00, 0x00, 0x00, 0x00, 0x00, 0x00, 0x00, 0x00, 0x00, 0x00,
    0x00, 0x00, 0x00, 0x00, 0x00, 0x00, 0x00, 0x00, 0x00, 0x00, 0x00, 0x00, 0x00, 0x00, 0x00, 0x00,
    0x00, 0x00, 0x00, 0x00, 0x00, 0x00, 0x00, 0x00, 0xf0, 0xf7, 0xf9, 0x01, 0xf0, 0xfb, 0xff, 0x07,
    0xf0, 0xff, 0xef, 0x0f, 0xf0, 0xd3, 0xc3, 0x0f, 0xf0, 0xc3, 0xc3, 0x0f, 0xf0, 0xc3, 0xc3, 0x0f,
    0xf0, 0xc3, 0xc3, 0x0f, 0xf0, 0xc3, 0xc3, 0x0f, 0xf0, 0xc3, 0xc3, 0x0f, 0xf0, 0xc3, 0xc3, 0x0f,
    0xf0, 0xc3, 0xc3, 0x0f, 0xf0, 0xc3, 0xc3, 0x0f, 0xf0, 0xc3, 0xc3, 0x0f, 0xf0, 0xc3, 0xc3, 0x0f,
    0x00, 0x00, 0x00, 0x00, 0x00, 0x00, 0x00, 0x00, 0x00, 0x00, 0x00, 0x00, 0x00, 0x00, 0x00, 0x00,
    0x00, 0x00, 0x00, 0x00, 0x00, 0x00, 0x00, 0x00, 0x00, 0x00, 0x00, 0x00, 0x00, 0x00, 0x00, 0x00,
    0x00, 0x00, 0x00, 0x00, 0x00, 0x00, 0x00, 0x00, 0x00, 0x00, 0x00, 0x00, 0x00, 0x00, 0x00, 0x00,
    0x00, 0x00, 0x00, 0x00, 0x00, 0x00, 0x00, 0x00, 0x00, 0x00, 0x00, 0x00, 0x00, 0x00, 0x00, 0x00,
    0x00, 0x00, 0x00, 0x00, 0x00, 0x00, 0x00, 0x00, 0xc0, 0x4f, 0xbf, 0x00, 0xc0, 0xdf, 0xff, 0x02,
    0xc0, 0xff, 0xfe, 0x07, 0xc0, 0x2f, 0xe0, 0x0b, 0xc0, 0x0f, 0xc0, 0x0f, 0xc0, 0x0f, 0xc0, 0x0f,
    0xc0, 0x0f, 0xc0, 0x0f, 0xc0, 0x0f, 0xc0, 0x0f, 0xc0, 0x0f, 0xc0, 0x0f, 0xc0, 0x0f, 0xc0, 0x0f,
    0xc0, 0x0f, 0xc0, 0x0f, 0xc0, 0x0f, 0xc0, 0x0f, 0xc0, 0x0f, 0xc0, 0x0f, 0xc0, 0x0f, 0xc0, 0x0f,
    0x00, 0x00, 0x00, 0x00, 0x00, 0x00, 0x00, 0x00, 0x00, 0x00, 0x00, 0x00, 0x00, 0x00, 0x00, 0x00,
    0x00, 0x00, 0x00, 0x00, 0x00, 0x00, 0x00, 0x00, 0x00, 0x00, 0x00, 0x00, 0x00, 0x00, 0x00, 0x00,
    0x00, 0x00, 0x00, 0x00, 0x00, 0x00, 0x00, 0x00, 0x00, 0x00, 0x00, 0x00, 0x00, 0x00, 0x00, 0x00,
    0x00, 0x00, 0x00, 0x00, 0x00, 0x00, 0x00, 0x00, 0x00, 0x00, 0x00, 0x00, 0x00, 0x00, 0x00, 0x00,
    0x00, 0x00, 0x00, 0x00, 0x00, 0x00, 0x00, 0x00, 0x00, 0xe4, 0x6f, 0x00, 0x00, 0xfe, 0xff, 0x01,
    0x40, 0xff, 0xfe, 0x07, 0x80, 0x2f, 0xe0, 0x0b, 0xc0, 0x0f, 0xc0, 0x0b, 0xc0, 0x0f, 0xc0, 0x0f,
    0xc0, 0x0f, 0xc0, 0x0f, 0xc0, 0x0f, 0xc0, 0x0f, 0xc0, 0x0f, 0xc0, 0x0f, 0xc0, 0x0f, 0xc0, 0x0b,
    0x80, 0x2f, 0xe0, 0x0b, 0x40, 0xff, 0xfe, 0x07, 0x00, 0xfe, 0xff, 0x01, 0x00, 0xe4, 0x6f, 0x00,
    0x00, 0x00, 0x00, 0x00, 0x00, 0x00, 0x00, 0x00, 0x00, 0x00, 0x00, 0x00, 0x00, 0x00, 0x00, 0x00,
    0x00, 0x00, 0x00, 0x00, 0x00, 0x00, 0x00, 0x00, 0x00, 0x00, 0x00, 0x00, 0x00, 0x00, 0x00, 0x00,
    0x00, 0x00, 0x00, 0x00, 0x00, 0x00, 0x00, 0x00, 0x00, 0x00, 0x00, 0x00, 0x00, 0x00, 0x00, 0x00,
    0x00, 0x00, 0x00, 0x00, 0x00, 0x00, 0x00, 0x00, 0x00, 0x00, 0x00, 0x00, 0x00, 0x00, 0x00, 0x00,
    0x00, 0x00, 0x00, 0x00, 0x00, 0x00, 0x00, 0x00, 0xc0, 0x8f, 0xbf, 0x00, 0xc0, 0xef, 0xff, 0x02,
    0xc0, 0xff, 0xfe, 0x07, 0xc0, 0x2f, 0xe0, 0x0b, 0xc0, 0x0f, 0xc0, 0x0f, 0xc0, 0x0f, 0xc0, 0x0f,
    0xc0, 0x0f, 0xc0, 0x0f, 0xc0, 0x0f, 0xc0, 0x0f, 0xc0, 0x0f, 0xc0, 0x0f, 0xc0, 0x0f, 0xc0, 0x0f,
    0xc0, 0x2f, 0xe0, 0x0b, 0xc0, 0xff, 0xfe, 0x07, 0xc0, 0xdf, 0xff, 0x02, 0xc0, 0x4f, 0x7f, 0x00,
    0xc0, 0x0f, 0x00, 0x00, 0xc0, 0x0f, 0x00, 0x00, 0xc0, 0x0f, 0x00, 0x00, 0xc0, 0x0f, 0x00, 0x00,
    0x00, 0x00, 0x00, 0x00, 0x00, 0x00, 0x00, 0x00, 0x00, 0x00, 0x00, 0x00, 0x00, 0x00, 0x00, 0x00,
    0x00, 0x00, 0x00, 0x00, 0x00, 0x00, 0x00, 0x00, 0x00, 0x00, 0x00, 0x00, 0x00, 0x00, 0x00, 0x00,
    0x00, 0x00, 0x00, 0x00, 0x00, 0x00, 0x00, 0x00, 0x00, 0x00, 0x00, 0x00, 0x00, 0x00, 0x00, 0x00,
    0x00, 0x00, 0x00, 0x00, 0x00, 0x00, 0x00, 0x00, 0x00, 0xf8, 0xcb, 0x0f, 0x00, 0xfe, 0xef, 0x0f,
    0x40, 0xff, 0xfe, 0x0f, 0x80, 0x2f, 0xe0, 0x0f, 0xc0, 0x0f, 0xc0, 0x0f, 0xc0, 0x0f, 0xc0, 0x0f,
    0xc0, 0x0f, 0xc0, 0x0f, 0xc0, 0x0f, 0xc0, 0x0f, 0xc0, 0x0f, 0xc0, 0x0f, 0xc0, 0x0f, 0xc0, 0x0f,
    0x80, 0x2f, 0xf0, 0x0f, 0x40, 0xff, 0xee, 0x0f, 0x00, 0xfe, 0xdf, 0x0f, 0x00, 0xf8, 0xc6, 0x0f,
    0x00, 0x00, 0xc0, 0x0f, 0x00, 0x00, 0xc0, 0x0f, 0x00, 0x00, 0xc0, 0x0f, 0x00, 0x00, 0xc0, 0x0f,
    0x00, 0x00, 0x00, 0x00, 0x00, 0x00, 0x00, 0x00, 0x00, 0x00, 0x00, 0x00, 0x00, 0x00, 0x00, 0x00,
    0x00, 0x00, 0x00, 0x00, 0x00, 0x00, 0x00, 0x00, 0x00, 0x00, 0x00, 0x00, 0x00, 0x00, 0x00, 0x00,
    0x00, 0x00, 0x00, 0x00, 0x00, 0x00, 0x00, 0x00, 0x00, 0x00, 0x00, 0x00, 0x00, 0x00, 0x00, 0x00,
    0x00, 0x00, 0x00, 0x00, 0x00, 0x00, 0x00, 0x00, 0xc0, 0x8f, 0xbf, 0x00, 0xc0, 0xef, 0xff, 0x02,
    0xc0, 0xff, 0xfe, 0x07, 0xc0, 0x3f, 0xe0, 0x0b, 0xc0, 0x0f, 0xc0, 0x0f, 0xc0, 0x0f, 0xc0, 0x0f,
    0xc0, 0x0f, 0x40, 0x05, 0xc0, 0x0f, 0x00, 0x00, 0xc0, 0x0f, 0x00, 0x00, 0xc0, 0x0f, 0x00, 0x00,
    0xc0, 0x0f, 0x00, 0x00, 0xc0, 0x0f, 0x00, 0x00, 0xc0, 0x0f, 0x00, 0x00, 0xc0, 0x0f, 0x00, 0x00,
    0x00, 0x00, 0x00, 0x00, 0x00, 0x00, 0x00, 0x00, 0x00, 0x00, 0x00, 0x00, 0x00, 0x00, 0x00, 0x00,
    0x00, 0x00, 0x00, 0x00, 0x00, 0x00, 0x00, 0x00, 0x00, 0x00, 0x00, 0x00, 0x00, 0x00, 0x00, 0x00,
    0x00, 0x00, 0x00, 0x00, 0x00, 0x00, 0x00, 0x00, 0x00, 0x00, 0x00, 0x00, 0x00, 0x00, 0x00, 0x00,
    0x00, 0x00, 0x00, 0x00, 0x00, 0x00, 0x00, 0x00, 0x00, 0x00, 0x00, 0x00, 0x00, 0x00, 0x00, 0x00,
    0x00, 0x00, 0x00, 0x00, 0x00, 0x00, 0x00, 0x00, 0x00, 0xf8, 0x6f, 0x00, 0x40, 0xff, 0xff, 0x02,
    0x80, 0xbf, 0xfa, 0x07, 0xc0, 0x0f, 0xd0, 0x0b, 0xc0, 0x0f, 0x00, 0x00, 0x80, 0x6f, 0x01, 0x00,
    0x00, 0xff, 0xbf, 0x00, 0x00, 0xa4, 0xff, 0x03, 0x00, 0x00, 0xe0, 0x0b, 0x00, 0x00, 0xc0, 0x0f,
    0xd0, 0x0b, 0xd0, 0x0f, 0xc0, 0xbf, 0xfa, 0x0b, 0x40, 0xff, 0xff, 0x03, 0x00, 0xf9, 0xaf, 0x00,
    0x00, 0x00, 0x00, 0x00, 0x00, 0x00, 0x00, 0x00, 0x00, 0x00, 0x00, 0x00, 0x00, 0x00, 0x00, 0x00,
    0x00, 0x00, 0x00, 0x00, 0x00, 0x00, 0x00, 0x00, 0x00, 0x00, 0x00, 0x00, 0x00, 0x00, 0x00, 0x00,
    0x00, 0x00, 0x00, 0x00, 0x00, 0x00, 0x00, 0x00, 0x00, 0x00, 0x00, 0x00, 0x00, 0x00, 0x00, 0x00,
    0x00, 0x00, 0x00, 0x00, 0x00, 0x00, 0x00, 0x00, 0x00, 0xa0, 0x01, 0x00, 0x00, 0xf0, 0x03, 0x00,
    0x00, 0xf0, 0x03, 0x00, 0x00, 0xf0, 0x03, 0x00, 0xf0, 0xff, 0xff, 0x0f, 0xf0, 0xff, 0xff, 0x0f,
    0xa0, 0xfa, 0xab, 0x0a, 0x00, 0xf0, 0x03, 0x00, 0x00, 0xf0, 0x03, 0x00, 0x00, 0xf0, 0x03, 0x00,
    0x00, 0xf0, 0x03, 0x00, 0x00, 0xf0, 0x03, 0x00, 0x00, 0xf0, 0x03, 0x00, 0x00, 0xf0, 0x03, 0x00,
    0x00, 0xf0, 0x03, 0x00, 0x00, 0xe0, 0xaf, 0x0a, 0x00, 0xd0, 0xff, 0x0b, 0x00, 0x40, 0xfe, 0x0b,
    0x00, 0x00, 0x00, 0x00, 0x00, 0x00, 0x00, 0x00, 0x00, 0x00, 0x00, 0x00, 0x00, 0x00, 0x00, 0x00,
    0x00, 0x00, 0x00, 0x00, 0x00, 0x00, 0x00, 0x00, 0x00, 0x00, 0x00, 0x00, 0x00, 0x00, 0x00, 0x00,
    0x00, 0x00, 0x00, 0x00, 0x00, 0x00, 0x00, 0x00, 0x00, 0x00, 0x00, 0x00, 0x00, 0x00, 0x00, 0x00,
    0x00, 0x00, 0x00, 0x00, 0x00, 0x00, 0x00, 0x00, 0x00, 0x00, 0x00, 0x00, 0x00, 0x00, 0x00, 0x00,
    0x00, 0x00, 0x00, 0x00, 0x00, 0x00, 0x00, 0x00, 0xc0, 0x0f, 0xc0, 0x0f, 0xc0, 0x0f, 0xc0, 0x0f,
    0xc0, 0x0f, 0xc0, 0x0f, 0xc0, 0x0f, 0xc0, 0x0f, 0xc0, 0x0f, 0xc0, 0x0f, 0xc0, 0x0f, 0xc0, 0x0f,
    0xc0, 0x0f, 0xc0, 0x0f, 0xc0, 0x0f, 0xc0, 0x0f, 0xc0, 0x0f, 0xc0, 0x0f, 0xc0, 0x0f, 0xc0, 0x0b,
    0x80, 0x2f, 0xe0, 0x0b, 0x40, 0xff, 0xfe, 0x07, 0x00, 0xfe, 0xff, 0x01, 0x00, 0xe4, 0x6f, 0x00,
    0x00, 0x00, 0x00, 0x00, 0x00, 0x00, 0x00, 0x00, 0x00, 0x00, 0x00, 0x00, 0x00, 0x00, 0x00, 0x00,
    0x00, 0x00, 0x00, 0x00, 0x00, 0x00, 0x00, 0x00, 0x00, 0x00, 0x00, 0x00, 0x00, 0x00, 0x00, 0x00,
    0x00, 0x00, 0x00, 0x00, 0x00, 0x00, 0x00, 0x00, 0x00, 0x00, 0x00, 0x00, 0x00, 0x00, 0x00, 0x00,
    0x00, 0x00, 0x00, 0x00, 0x00, 0x00, 0x00, 0x00, 0x00, 0x00, 0x00, 0x00, 0x00, 0x00, 0x00, 0x00,
    0x00, 0x00, 0x00, 0x00, 0x00, 0x00, 0x00, 0x00, 0xf0, 0x03, 0x80, 0x1f, 0xe0, 0x07, 0xc0, 0x0f,
    0xd0, 0x0b, 0xd0, 0x0b, 0xc0, 0x0f, 0xe0, 0x07, 0x80, 0x1f, 0xe0, 0x03, 0x40, 0x2f, 0xf0, 0x02,
    0x00, 0x3f, 0xf4, 0x01, 0x00, 0x7e, 0xf8, 0x00, 0x00, 0x7d, 0xbc, 0x00, 0x00, 0xbc, 0x7d, 0x00,
    0x00, 0xf8, 0x3e, 0x00, 0x00, 0xf4, 0x3f, 0x00, 0x00, 0xf0, 0x2f, 0x00, 0x00, 0xe0, 0x1f, 0x00,
    0x00, 0x00, 0x00, 0x00, 0x00, 0x00, 0x00, 0x00, 0x00, 0x00, 0x00, 0x00, 0x00, 0x00, 0x00, 0x00,
    0x00, 0x00, 0x00, 0x00, 0x00, 0x00, 0x00, 0x00, 0x00, 0x00, 0x00, 0x00, 0x00, 0x00, 0x00, 0x00,
    0x00, 0x00, 0x00, 0x00, 0x00, 0x00, 0x00, 0x00, 0x00, 0x00, 0x00, 0x00, 0x00, 0x00, 0x00, 0x00,
    0x00, 0x00, 0x00, 0x00, 0x00, 0x00, 0x00, 0x00, 0x00, 0x00, 0x00, 0x00, 0x00, 0x00, 0x00, 0x00,
    0x00, 0x00, 0x00, 0x00, 0x00, 0x00, 0x00, 0x00, 0xf4, 0xc0, 0x07, 0x2e, 0xf4, 0xc0, 0x0b, 0x2e,
    0xf0, 0xd1, 0x0b, 0x2e, 0xf0, 0xd1, 0x0e, 0x1f, 0xe0, 0xe2, 0x0d, 0x1f, 0xe0, 0xa2, 0x4d, 0x0f,
    0xe0, 0xb2, 0x5d, 0x0f, 0xd0, 0x73, 0x5c, 0x0b, 0xd0, 0x77, 0xac, 0x0b, 0xc0, 0x77, 0xa8, 0x07,
    0xc0, 0x3b, 0xf8, 0x07, 0x80, 0x3f, 0xf8, 0x03, 0x80, 0x2f, 0xf4, 0x03, 0x80, 0x2f, 0xf4, 0x03,
    0x00, 0x00, 0x00, 0x00, 0x00, 0x00, 0x00, 0x00, 0x00, 0x00, 0x00, 0x00, 0x00, 0x00, 0x00, 0x00,
    0x00, 0x00, 0x00, 0x00, 0x00, 0x00, 0x00, 0x00, 0x00, 0x00, 0x00, 0x00, 0x00, 0x00, 0x00, 0x00,
    0x00, 0x00, 0x00, 0x00, 0x00, 0x00, 0x00, 0x00, 0x00, 0x00, 0x00, 0x00, 0x00, 0x00, 0x00, 0x00,
    0x00, 0x00, 0x00, 0x00, 0x00, 0x00, 0x00, 0x00, 0x00, 0x00, 0x00, 0x00, 0x00, 0x00, 0x00, 0x00,
    0x00, 0x00, 0x00, 0x00, 0x00, 0x00, 0x00, 0x00, 0xd0, 0x0b, 0xd0, 0x0f, 0x80, 0x1f, 0xf0, 0x07,
    0x40, 0x3f, 0xf8, 0x02, 0x00, 0xbe, 0xfd, 0x00, 0x00, 0xfc, 0x7e, 0x00, 0x00, 0xf4, 0x2f, 0x00,
    0x00, 0xe0, 0x0f, 0x00, 0x00, 0xf0, 0x1f, 0x00, 0x00, 0xf8, 0x3f, 0x00, 0x00, 0xfd, 0xbd, 0x00,
    0x00, 0x7f, 0xfc, 0x01, 0x80, 0x2f, 0xf4, 0x03, 0xc0, 0x0f, 0xe0, 0x0b, 0xe0, 0x0b, 0xc0, 0x1f,
    0x00, 0x00, 0x00, 0x00, 0x00, 0x00, 0x00, 0x00, 0x00, 0x00, 0x00, 0x00, 0x00, 0x00, 0x00, 0x00,
    0x00, 0x00, 0x00, 0x00, 0x00, 0x00, 0x00, 0x00, 0x00, 0x00, 0x00, 0x00, 0x00, 0x00, 0x00, 0x00,
    0x00, 0x00, 0x00, 0x00, 0x00, 0x00, 0x00, 0x00, 0x00, 0x00, 0x00, 0x00, 0x00, 0x00, 0x00, 0x00,
    0x00, 0x00, 0x00, 0x00, 0x00, 0x00, 0x00, 0x00, 0x00, 0x00, 0x00, 0x00, 0x00, 0x00, 0x00, 0x00,
    0x00, 0x00, 0x00, 0x00, 0x00, 0x00, 0x00, 0x00, 0xf0, 0x07, 0x80, 0x1f, 0xd0, 0x0b, 0xc0, 0x0f,
    0xc0, 0x0f, 0xd0, 0x0b, 0x80, 0x1f, 0xe0, 0x07, 0x40, 0x2f, 0xf0, 0x03, 0x00, 0x3f, 0xf4, 0x01,
    0x00, 0x7e, 0xf8, 0x00, 0x00, 0xbd, 0xbc, 0x00, 0x00, 0xf8, 0x7d, 0x00, 0x00, 0xf4, 0x3f, 0x00,
    0x00, 0xf0, 0x2f, 0x00, 0x00, 0xe0, 0x1f, 0x00, 0x00, 0xd0, 0x0f, 0x00, 0x00, 0xd0, 0x0b, 0x00,
    0x00, 0xe0, 0x07, 0x00, 0x00, 0xf0, 0x03, 0x00, 0x00, 0xf4, 0x02, 0x00, 0x00, 0xf8, 0x01, 0x00,
    0x00, 0x00, 0x00, 0x00, 0x00, 0x00, 0x00, 0x00, 0x00, 0x00, 0x00, 0x00, 0x00, 0x00, 0x00, 0x00,
    0x00, 0x00, 0x00, 0x00, 0x00, 0x00, 0x00, 0x00, 0x00, 0x00, 0x00, 0x00, 0x00, 0x00, 0x00, 0x00,
    0x00, 0x00, 0x00, 0x00, 0x00, 0x00, 0x00, 0x00, 0x00, 0x00, 0x00, 0x00, 0x00, 0x00, 0x00, 0x00,
    0x00, 0x00, 0x00, 0x00, 0x00, 0x00, 0x00, 0x00, 0xc0, 0xff, 0xff, 0x03, 0xc0, 0xff, 0xff, 0x03,
    0x80, 0xaa, 0xfa, 0x03, 0x00, 0x00, 0xfc, 0x01, 0x00, 0x00, 0xbe, 0x00, 0x00, 0x80, 0x2f, 0x00,
    0x00, 0xd0, 0x0f, 0x00, 0x00, 0xf0, 0x07, 0x00, 0x00, 0xf8, 0x01, 0x00, 0x00, 0xbe, 0x00, 0x00,
    0x40, 0x2f, 0x00, 0x00, 0xc0, 0xaf, 0xaa, 0x0a, 0xc0, 0xff, 0xff, 0x0f, 0xc0, 0xff, 0xff, 0x0f,
    0x00, 0x00, 0x00, 0x00, 0x00, 0x00, 0x00, 0x00, 0x00, 0x00, 0x00, 0x00, 0x00, 0x00, 0x00, 0x00,
    0x00, 0x00, 0x00, 0x00, 0x00, 0x00, 0x00, 0x00, 0x00, 0x00, 0x00, 0x00, 0x00, 0x00, 0x00, 0x00,
    0x00, 0x00, 0x00, 0x00, 0x00, 0x00, 0x00, 0x00, 0x00, 0x00, 0x00, 0x00, 0x00, 0x00, 0xa4, 0x02,
    0x00, 0x00, 0xfe, 0x03, 0x00, 0x40, 0xff, 0x03, 0x00, 0xc0, 0x1f, 0x00, 0x00, 0xc0, 0x0f, 0x00,
    0x00, 0xc0, 0x0f, 0x00, 0x00, 0xc0, 0x0f, 0x00, 0x00, 0xc0, 0x0f, 0x00, 0x00, 0xc0, 0x0f, 0x00,
    0x00, 0xc0, 0x0b, 0x00, 0x00, 0xe0, 0x0b, 0x00, 0xe0, 0xff, 0x02, 0x00, 0xe0, 0xff, 0x01, 0x00,
    0x90, 0xfa, 0x07, 0x00, 0x00, 0xd0, 0x0b, 0x00, 0x00, 0xc0, 0x0f, 0x00, 0x00, 0xc0, 0x0f, 0x00,
    0x00, 0xc0, 0x0f, 0x00, 0x00, 0xc0, 0x0f, 0x00, 0x00, 0xc0, 0x0f, 0x00, 0x00, 0xc0, 0x1f, 0x00,
    0x00, 0x80, 0xbf, 0x02, 0x00, 0x00, 0xff, 0x03, 0x00, 0x00, 0xf8, 0x03, 0x00, 0x00, 0x00, 0x00,
    0x00, 0x00, 0x00, 0x00, 0x00, 0x00, 0x00, 0x00, 0x00, 0x00, 0x00, 0x00, 0x00, 0x00, 0x00, 0x00,
    0x00, 0x00, 0x00, 0x00, 0x00, 0x00, 0x00, 0x00, 0x00, 0x00, 0x00, 0x00, 0x00, 0xc0, 0x0f, 0x00,
    0x00, 0xc0, 0x0f, 0x00, 0x00, 0xc0, 0x0f, 0x00, 0x00, 0xc0, 0x0f, 0x00, 0x00, 0xc0, 0x0f, 0x00,
    0x00, 0xc0, 0x0f, 0x00, 0x00, 0xc0, 0x0f, 0x00, 0x00, 0xc0, 0x0f, 0x00, 0x00, 0xc0, 0x0f, 0x00,
    0x00, 0xc0, 0x0f, 0x00, 0x00, 0xc0, 0x0f, 0x00, 0x00, 0xc0, 0x0f, 0x00, 0x00, 0xc0, 0x0f, 0x00,
    0x00, 0xc0, 0x0f, 0x00, 0x00, 0xc0, 0x0f, 0x00, 0x00, 0xc0, 0x0f, 0x00, 0x00, 0xc0, 0x0f, 0x00,
    0x00, 0xc0, 0x0f, 0x00, 0x00, 0xc0, 0x0f, 0x00, 0x00, 0xc0, 0x0f, 0x00, 0x00, 0xc0, 0x0f, 0x00,
    0x00, 0xc0, 0x0f, 0x00, 0x00, 0xc0, 0x0f, 0x00, 0x00, 0xc0, 0x0f, 0x00, 0x00, 0x00, 0x00, 0x00,
    0x00, 0x00, 0x00, 0x00, 0x00, 0x00, 0x00, 0x00, 0x00, 0x00, 0x00, 0x00, 0x00, 0x00, 0x00, 0x00,
    0x00, 0x00, 0x00, 0x00, 0x00, 0x00, 0x00, 0x00, 0x00, 0x00, 0x00, 0x00, 0x80, 0x1a, 0x00, 0x00,
    0xc0, 0xbf, 0x00, 0x00, 0xc0, 0xff, 0x01, 0x00, 0x00, 0xf8, 0x02, 0x00, 0x00, 0xf0, 0x03, 0x00,
    0x00, 0xf0, 0x03, 0x00, 0x00, 0xf0, 0x03, 0x00, 0x00, 0xf0, 0x03, 0x00, 0x00, 0xf0, 0x03, 0x00,
    0x00, 0xf0, 0x03, 0x00, 0x00, 0xe0, 0x07, 0x00, 0x00, 0xc0, 0xff, 0x0b, 0x00, 0x40, 0xff, 0x0b,
    0x00, 0xd0, 0xaf, 0x06, 0x00, 0xe0, 0x07, 0x00, 0x00, 0xf0, 0x03, 0x00, 0x00, 0xf0, 0x03, 0x00,
    0x00, 0xf0, 0x03, 0x00, 0x00, 0xf0, 0x03, 0x00, 0x00, 0xf0, 0x03, 0x00, 0x00, 0xf4, 0x02, 0x00,
    0x80, 0xfe, 0x02, 0x00, 0xc0, 0xff, 0x00, 0x00, 0xc0, 0x2f, 0x00, 0x00, 0x00, 0x00, 0x00, 0x00,
    0x00, 0x00, 0x00, 0x00, 0x00, 0x00, 0x00, 0x00, 0x00, 0x00, 0x00, 0x00, 0x00, 0x00, 0x00, 0x00,
    0x00, 0x00, 0x00, 0x00, 0x00, 0x00, 0x00, 0x00, 0x00, 0x00, 0x00, 0x00, 0x00, 0x00, 0x00, 0x00,
    0x00, 0x00, 0x00, 0x00, 0x00, 0x00, 0x00, 0x00, 0x00, 0x00, 0x00, 0x00, 0x00, 0x00, 0x00, 0x00,
    0x00, 0x00, 0x00, 0x00, 0x00, 0x00, 0x00, 0x00, 0x00, 0x00, 0x00, 0x00, 0x00, 0x00, 0x00, 0x00,
    0x40, 0x6f, 0x40, 0x0a, 0xd0, 0xff, 0xc1, 0x0f, 0xf0, 0xfb, 0xc3, 0x0f, 0xf0, 0xc3, 0xef, 0x0f,
    0xf0, 0x43, 0xff, 0x07, 0xa0, 0x01, 0xf9, 0x01, 0x00, 0x00, 0x00, 0x00, 0x00, 0x00, 0x00, 0x00,
    0x00, 0x00, 0x00, 0x00, 0x00, 0x00, 0x00, 0x00, 0x00, 0x00, 0x00, 0x00, 0x00, 0x00, 0x00, 0x00,
    0x00, 0x00, 0x00, 0x00, 0x00, 0x00, 0x00, 0x00, 0x00, 0x00, 0x00, 0x00, 0x00, 0x00, 0x00, 0x00,
    0x00, 0x00, 0x00, 0x00, 0x00, 0x00, 0x00, 0x00, 0x00, 0x00, 0x00, 0x00, 0x00, 0x00, 0x00, 0x00,
    0x00, 0x00, 0x00, 0x00, 0x00, 0x00, 0x00, 0x00, 0x00, 0x00, 0x00, 0x00, 0x00, 0x00, 0x00, 0x00,
    0x00, 0x00, 0x00, 0x00, 0x00, 0x00, 0x00, 0x00, 0x00, 0x00, 0x00, 0x00, 0x00, 0x00, 0x00, 0x00,
    0x00, 0x00, 0x00, 0x00, 0x00, 0x00, 0x00, 0x00, 0x00, 0x00, 0x00, 0x00, 0x00, 0x00, 0x00, 0x00,
    0x00, 0x00, 0x00, 0x00, 0x00, 0x00, 0x00, 0x00, 0x00, 0x00, 0x00, 0x00, 0x00, 0x00, 0x00, 0x00,
    0x00, 0x00, 0x00, 0x00, 0x00, 0x00, 0x00, 0x00, 0x00, 0x00, 0x00, 0x00, 0x00, 0x00, 0x00, 0x00,
    0x00, 0x00, 0x00, 0x00, 0x00, 0x00, 0x00, 0x00, 0x00, 0x00, 0x00, 0x00, 0x00, 0x00, 0x00, 0x00,
    0x00, 0x00, 0x00, 0x00, 0x00, 0x00, 0x00, 0x00, 0x00, 0x00, 0x00, 0x00, 0x00, 0x00, 0x00, 0x00,
    0x00, 0x00, 0x00, 0x00, 0x00, 0x00, 0x00, 0x00, 0x00, 0x00, 0x00, 0x00, 0x00, 0x00, 0x00, 0x00,
    0x00, 0x00, 0x00, 0x00, 0x00, 0x00, 0x00, 0x00, 0x00, 0x00, 0x00, 0x00, 0x00, 0x00, 0x00, 0x00,
    0x00, 0x00, 0x00, 0x00, 0x00, 0x00, 0x00, 0x00, 0x00, 0x00, 0x00, 0x00, 0x00, 0x00, 0x00, 0x00,
    0x00, 0x00, 0x00, 0x00, 0x00, 0x00, 0x00, 0x00, 0x00, 0x00, 0x00, 0x00, 0x00, 0x00, 0x00, 0x00,
    0x00, 0x00, 0x00, 0x00, 0x00, 0x00, 0x00, 0x00, 0x00, 0x00, 0x00, 0x00, 0x00, 0x00, 0x00, 0x00,
    0x00, 0x00, 0x00, 0x00, 0x00, 0x00, 0x00, 0x00, 0x00, 0x00, 0x00, 0x00, 0x00, 0x00, 0x00, 0x00,
    0x00, 0x00, 0x00, 0x00, 0x00, 0x00, 0x00, 0x00, 0x00, 0x00, 0x00, 0x00, 0x00, 0x00, 0x00, 0x00,
    0x00, 0x00, 0x00, 0x00, 0x00, 0x00, 0x00, 0x00, 0x00, 0x00, 0x00, 0x00, 0x00, 0x00, 0x00, 0x00,
    0x00, 0x00, 0x00, 0x00, 0x00, 0x00, 0x00, 0x00, 0x00, 0x00, 0x00, 0x00, 0x00, 0x00, 0x00, 0x00,
    0x00, 0x00, 0x00, 0x00, 0x00, 0x00, 0x00, 0x00, 0x00, 0x00, 0x00, 0x00, 0x00, 0x00, 0x00, 0x00,
    0x00, 0x00, 0x00, 0x00, 0x00, 0x00, 0x00, 0x00, 0x00, 0x00, 0x00, 0x00, 0x00, 0x00, 0x00, 0x00,
    0x00, 0x00, 0x00, 0x00, 0x00, 0x00, 0x00, 0x00, 0x00, 0x00, 0x00, 0x00, 0x00, 0x00, 0x00, 0x00,
    0x00, 0x00, 0x00, 0x00, 0x00, 0x00, 0x00, 0x00, 0x00, 0x00, 0x00, 0x00, 0x00, 0x00, 0x00, 0x00,
    0x00, 0x00, 0x00, 0x00, 0x00, 0x00, 0x00, 0x00, 0x00, 0x00, 0x00, 0x00, 0x00, 0x00, 0x00, 0x00,
    0x00, 0x00, 0x00, 0x00, 0x00, 0x00, 0x00, 0x00, 0x00, 0x00, 0x00, 0x00, 0x00, 0x00, 0x00, 0x00,
    0x00, 0x00, 0x00, 0x00, 0x00, 0x00, 0x00, 0x00, 0x00, 0x00, 0x00, 0x00, 0x00, 0x00, 0x00, 0x00,
    0x00, 0x00, 0x00, 0x00, 0x00, 0x00, 0x00, 0x00, 0x00, 0x00, 0x00, 0x00, 0x00, 0x00, 0x00, 0x00,
    0x00, 0x00, 0x00, 0x00, 0x00, 0x00, 0x00, 0x00, 0x00, 0x00, 0x00, 0x00, 0x00, 0x00, 0x00, 0x00,
    0x00, 0x00, 0x00, 0x00, 0x00, 0x00, 0x00, 0x00, 0x00, 0x00, 0x00, 0x00, 0x00, 0x00, 0x00, 0x00,
    0x00, 0x00, 0x00, 0x00, 0x00, 0x00, 0x00, 0x00, 0x00, 0x00, 0x00, 0x00, 0x00, 0x00, 0x00, 0x00,
    0x00, 0x00, 0x00, 0x00, 0x00, 0x00, 0x00, 0x00, 0x00, 0x00, 0x00, 0x00, 0x00, 0x00, 0x00, 0x00,
    0x00, 0x00, 0x00, 0x00, 0x00, 0x00, 0x00, 0x00, 0x00, 0x00, 0x00, 0x00, 0x00, 0x00, 0x00, 0x00,
    0x00, 0x00, 0x00, 0x00, 0x00, 0x00, 0x00, 0x00, 0x00, 0x00, 0x00, 0x00, 0x00, 0x00, 0x00, 0x00,
    0x00, 0x00, 0x00, 0x00, 0x00, 0x00, 0x00, 0x00, 0x00, 0x00, 0x00, 0x00, 0x00, 0x00, 0x00, 0x00,
    0x00, 0x00, 0x00, 0x00, 0x00, 0x00, 0x00, 0x00, 0x00, 0x00, 0x00, 0x00, 0x00, 0x00, 0x00, 0x00,
    0x00, 0x00, 0x00, 0x00, 0x00, 0x00, 0x00, 0x00, 0x00, 0x00, 0x00, 0x00, 0x00, 0x00, 0x00, 0x00,
    0x00, 0x00, 0x00, 0x00, 0x00, 0x00, 0x00, 0x00, 0x00, 0x00, 0x00, 0x00, 0x00, 0x00, 0x00, 0x00,
    0x00, 0x00, 0x00, 0x00, 0x00, 0x00, 0x00, 0x00, 0x00, 0x00, 0x00, 0x00, 0x00, 0x00, 0x00, 0x00,
    0x00, 0x00, 0x00, 0x00, 0x00, 0x00, 0x00, 0x00, 0x00, 0x00, 0x00, 0x00, 0x00, 0x00, 0x00, 0x00,
    0x00, 0x00, 0x00, 0x00, 0x00, 0x00, 0x00, 0x00, 0x00, 0x00, 0x00, 0x00, 0x00, 0x00, 0x00, 0x00,
    0x00, 0x00, 0x00, 0x00, 0x00, 0x00, 0x00, 0x00, 0x00, 0x00, 0x00, 0x00, 0x00, 0x00, 0x00, 0x00,
    0x00, 0x00, 0x00, 0x00, 0x00, 0x00, 0x00, 0x00, 0x00, 0x00, 0x00, 0x00, 0x00, 0x00, 0x00, 0x00,
    0x00, 0x00, 0x00, 0x00, 0x00, 0x00, 0x00, 0x00, 0x00, 0x00, 0x00, 0x00, 0x00, 0x00, 0x00, 0x00,
    0x00, 0x00, 0x00, 0x00, 0x00, 0x00, 0x00, 0x00, 0x00, 0x00, 0x00, 0x00, 0x00, 0x00, 0x00, 0x00,
    0x00, 0x00, 0x00, 0x00, 0x00, 0x00, 0x00, 0x00, 0x00, 0x00, 0x00, 0x00, 0x00, 0x00, 0x00, 0x00,
    0x00, 0x00, 0x00, 0x00, 0x00, 0x00, 0x00, 0x00, 0x00, 0x00, 0x00, 0x00, 0x00, 0x00, 0x00, 0x00,
    0x00, 0x00, 0x00, 0x00, 0x00, 0x00, 0x00, 0x00, 0x00, 0x00, 0x00, 0x00, 0x00, 0x00, 0x00, 0x00,
    0x00, 0x00, 0x00, 0x00, 0x00, 0x00, 0x00, 0x00, 0x00, 0x00, 0x00, 0x00, 0x00, 0x00, 0x00, 0x00,
    0x00, 0x00, 0x00, 0x00, 0x00, 0x00, 0x00, 0x00, 0x00, 0x00, 0x00, 0x00, 0x00, 0x00, 0x00, 0x00,
    0x00, 0x00, 0x00, 0x00, 0x00, 0x00, 0x00, 0x00, 0x00, 0x00, 0x00, 0x00, 0x00, 0x00, 0x00, 0x00,
    0x00, 0x00, 0x00, 0x00, 0x00, 0x00, 0x00, 0x00, 0x00, 0x00, 0x00, 0x00, 0x00, 0x00, 0x00, 0x00,
    0x00, 0x00, 0x00, 0x00, 0x00, 0x00, 0x00, 0x00, 0x00, 0x00, 0x00, 0x00, 0x00, 0x00, 0x00, 0x00,
    0x00, 0x00, 0x00, 0x00, 0x00, 0x00, 0x00, 0x00, 0x00, 0x00, 0x00, 0x00, 0x00, 0x00, 0x00, 0x00,
    0x00, 0x00, 0x00, 0x00, 0x00, 0x00, 0x00, 0x00, 0x00, 0x00, 0x00, 0x00, 0x00, 0x00, 0x00, 0x00,
    0x00, 0x00, 0x00, 0x00, 0x00, 0x00, 0x00, 0x00, 0x00, 0x00, 0x00, 0x00, 0x00, 0x00, 0x00, 0x00,
    0x00, 0x00, 0x00, 0x00, 0x00, 0x00, 0x00, 0x00, 0x00, 0x00, 0x00, 0x00, 0x00, 0x00, 0x00, 0x00,
    0x00, 0x00, 0x00, 0x00, 0x00, 0x00, 0x00, 0x00, 0x00, 0x00, 0x00, 0x00, 0x00, 0x00, 0x00, 0x00,
    0x00, 0x00, 0x00, 0x00, 0x00, 0x00, 0x00, 0x00, 0x00, 0x00, 0x00, 0x00, 0x00, 0x00, 0x00, 0x00,
    0x00, 0x00, 0x00, 0x00, 0x00, 0x00, 0x00, 0x00, 0x00, 0x00, 0x00, 0x00, 0x00, 0x00, 0x00, 0x00,
    0x00, 0x00, 0x00, 0x00, 0x00, 0x00, 0x00, 0x00, 0x00, 0x00, 0x00, 0x00, 0x00, 0x00, 0x00, 0x00,
    0x00, 0x00, 0x00, 0x00, 0x00, 0x00, 0x00, 0x00, 0x00, 0x00, 0x00, 0x00, 0x00, 0x00, 0x00, 0x00,
    0x00, 0x00, 0x00, 0x00, 0x00, 0x00, 0x00, 0x00, 0x00, 0x00, 0x00, 0x00, 0x00, 0x00, 0x00, 0x00,
    0x00, 0x00, 0x00, 0x00, 0x00, 0x00, 0x00, 0x00, 0x00, 0x00, 0x00, 0x00, 0x00, 0x00, 0x00, 0x00,
    0x00, 0x00, 0x00, 0x00, 0x00, 0x00, 0x00, 0x00, 0x00, 0x00, 0x00, 0x00, 0x00, 0x00, 0x00, 0x00,
    0x00, 0x00, 0x00, 0x00, 0x00, 0x00, 0x00, 0x00, 0x00, 0x00, 0x00, 0x00, 0x00, 0x00, 0x00, 0x00,
    0x00, 0x00, 0x00, 0x00, 0x00, 0x00, 0x00, 0x00, 0x00, 0x00, 0x00, 0x00, 0x00, 0x00, 0x00, 0x00,
    0x00, 0x00, 0x00, 0x00, 0x00, 0x00, 0x00, 0x00, 0x00, 0x00, 0x00, 0x00, 0x00, 0x00, 0x00, 0x00,
    0x00, 0x00, 0x00, 0x00, 0x00, 0x00, 0x00, 0x00, 0x00, 0x00, 0x00, 0x00, 0x00, 0x00, 0x00, 0x00,
    0x00, 0x00, 0x00, 0x00, 0x00, 0x00, 0x00, 0x00, 0x00, 0x00, 0x00, 0x00, 0x00, 0x00, 0x00, 0x00,
    0x00, 0x00, 0x00, 0x00, 0x00, 0x00, 0x00, 0x00, 0x00, 0x00, 0x00, 0x00, 0x00, 0x00, 0x00, 0x00,
    0x00, 0x00, 0x00, 0x00, 0x00, 0x00, 0x00, 0x00, 0x00, 0x00, 0x00, 0x00, 0x00, 0x00, 0x00, 0x00,
    0x00, 0x00, 0x00, 0x00, 0x00, 0x00, 0x00, 0x00, 0x00, 0x00, 0x00, 0x00, 0x00, 0x00, 0x00, 0x00,
    0x00, 0x00, 0x00, 0x00, 0x00, 0x00, 0x00, 0x00, 0x00, 0x00, 0x00, 0x00, 0x00, 0x00, 0x00, 0x00,
    0x00, 0x00, 0x00, 0x00, 0x00, 0x00, 0x00, 0x00, 0x00, 0x00, 0x00, 0x00, 0x00, 0x00, 0x00, 0x00,
    0x00, 0x00, 0x00, 0x00, 0x00, 0x00, 0x00, 0x00, 0x00, 0x00, 0x00, 0x00, 0x00, 0x00, 0x00, 0x00,
    0x00, 0x00, 0x00, 0x00, 0x00, 0x00, 0x00, 0x00, 0x00, 0x00, 0x00, 0x00, 0x00, 0x00, 0x00, 0x00,
    0x00, 0x00, 0x00, 0x00, 0x00, 0x00, 0x00, 0x00, 0x00, 0x00, 0x00, 0x00, 0x00, 0x00, 0x00, 0x00,
    0x00, 0x00, 0x00, 0x00, 0x00, 0x00, 0x00, 0x00, 0x00, 0x00, 0x00, 0x00, 0x00, 0x00, 0x00, 0x00,
    0x00, 0x00, 0x00, 0x00, 0x00, 0x00, 0x00, 0x00, 0x00, 0x00, 0x00, 0x00, 0x00, 0x00, 0x00, 0x00,
    0x00, 0x00, 0x00, 0x00, 0x00, 0x00, 0x00, 0x00, 0x00, 0x00, 0x00, 0x00, 0x00, 0x00, 0x00, 0x00,
    0x00, 0x00, 0x00, 0x00, 0x00, 0x00, 0x00, 0x00, 0x00, 0x00, 0x00, 0x00, 0x00, 0x00, 0x00, 0x00,
    0x00, 0x00, 0x00, 0x00, 0x00, 0x00, 0x00, 0x00, 0x00, 0x00, 0x00, 0x00, 0x00, 0x00, 0x00, 0x00,
    0x00, 0x00, 0x00, 0x00, 0x00, 0x00, 0x00, 0x00, 0x00, 0x00, 0x00, 0x00, 0x00, 0x00, 0x00, 0x00,
    0x00, 0x00, 0x00, 0x00, 0x00, 0x00, 0x00, 0x00, 0x00, 0x00, 0x00, 0x00, 0x00, 0x00, 0x00, 0x00,
    0x00, 0x00, 0x00, 0x00, 0x00, 0x00, 0x00, 0x00, 0x00, 0x00, 0x00, 0x00, 0x00, 0x00, 0x00, 0x00,
    0x00, 0x00, 0x00, 0x00, 0x00, 0x00, 0x00, 0x00, 0x00, 0x00, 0x00, 0x00, 0x00, 0x00, 0x00, 0x00,
    0x00, 0x00, 0x00, 0x00, 0x00, 0x00, 0x00, 0x00, 0x00, 0x00, 0x00, 0x00, 0x00, 0x00, 0x00, 0x00,
    0x00, 0x00, 0x00, 0x00, 0x00, 0x00, 0x00, 0x00, 0x00, 0x00, 0x00, 0x00, 0x00, 0x00, 0x00, 0x00,
    0x00, 0x00, 0x00, 0x00, 0x00, 0x00, 0x00, 0x00, 0x00, 0x00, 0x00, 0x00, 0x00, 0x00, 0x00, 0x00,
    0x00, 0x00, 0x00, 0x00, 0x00, 0x00, 0x00, 0x00, 0x00, 0x00, 0x00, 0x00, 0x00, 0x00, 0x00, 0x00,
    0x00, 0x00, 0x00, 0x00, 0x00, 0x00, 0x00, 0x00, 0x00, 0x00, 0x00, 0x00, 0x00, 0x00, 0x00, 0x00,
    0x00, 0x00, 0x00, 0x00, 0x00, 0x00, 0x00, 0x00, 0x00, 0x00, 0x00, 0x00, 0x00, 0x00, 0x00, 0x00,
    0x00, 0x00, 0x00, 0x00, 0x00, 0x00, 0x00, 0x00, 0x00, 0x00, 0x00, 0x00, 0x00, 0x00, 0x00, 0x00,
    0x00, 0x00, 0x00, 0x00, 0x00, 0x00, 0x00, 0x00, 0x00, 0x00, 0x00, 0x00, 0x00, 0x00, 0x00, 0x00,
    0x00, 0x00, 0x00, 0x00, 0x00, 0x00, 0x00, 0x00, 0x00, 0x00, 0x00, 0x00, 0x00, 0x00, 0x00, 0x00,
    0x00, 0x00, 0x00, 0x00, 0x00, 0x00, 0x00, 0x00, 0x00, 0x00, 0x00, 0x00, 0x00, 0x00, 0x00, 0x00,
    0x00, 0x00, 0x00, 0x00, 0x00, 0x00, 0x00, 0x00, 0x00, 0x00, 0x00, 0x00, 0x00, 0x00, 0x00, 0x00,
    0x00, 0x00, 0x00, 0x00, 0x00, 0x00, 0x00, 0x00, 0x00, 0x00, 0x00, 0x00, 0x00, 0x00, 0x00, 0x00,
    0x00, 0x00, 0x00, 0x00, 0x00, 0x00, 0x00, 0x00, 0x00, 0x00, 0x00, 0x00, 0x00, 0x00, 0x00, 0x00,
    0x00, 0x00, 0x00, 0x00, 0x00, 0x00, 0x00, 0x00, 0x00, 0x00, 0x00, 0x00, 0x00, 0x00, 0x00, 0x00,
    0x00, 0x00, 0x00, 0x00, 0x00, 0x00, 0x00, 0x00, 0x00, 0x00, 0x00, 0x00, 0x00, 0x00, 0x00, 0x00,
    0x00, 0x00, 0x00, 0x00, 0x00, 0x00, 0x00, 0x00, 0x00, 0x00, 0x00, 0x00, 0x00, 0x00, 0x00, 0x00,
    0x00, 0x00, 0x00, 0x00, 0x00, 0x00, 0x00, 0x00, 0x00, 0x00, 0x00, 0x00, 0x00, 0x00, 0x00, 0x00,
    0x00, 0x00, 0x00, 0x00, 0x00, 0x00, 0x00, 0x00, 0x00, 0x00, 0x00, 0x00, 0x00, 0x00, 0x00, 0x00,
    0x00, 0x00, 0x00, 0x00, 0x00, 0x00, 0x00, 0x00, 0x00, 0x00, 0x00, 0x00, 0x00, 0x00, 0x00, 0x00,
    0x00, 0x00, 0x00, 0x00, 0x00, 0x00, 0x00, 0x00, 0x00, 0x00, 0x00, 0x00, 0x00, 0x00, 0x00, 0x00,
    0x00, 0x00, 0x00, 0x00, 0x00, 0x00, 0x00, 0x00, 0x00, 0x00, 0x00, 0x00, 0x00, 0x00, 0x00, 0x00,
    0x00, 0x00, 0x00, 0x00, 0x00, 0x00, 0x00, 0x00, 0x00, 0x00, 0x00, 0x00, 0x00, 0x00, 0x00, 0x00,
    0x00, 0x00, 0x00, 0x00, 0x00, 0x00, 0x00, 0x00, 0x00, 0x00, 0x00, 0x00, 0x00, 0x00, 0x00, 0x00,
    0x00, 0x00, 0x00, 0x00, 0x00, 0x00, 0x00, 0x00, 0x00, 0x00, 0x00, 0x00, 0x00, 0x00, 0x00, 0x00,
    0x00, 0x00, 0x00, 0x00, 0x00, 0x00, 0x00, 0x00, 0x00, 0x00, 0x00, 0x00, 0x00, 0x00, 0x00, 0x00,
    0x00, 0x00, 0x00, 0x00, 0x00, 0x00, 0x00, 0x00, 0x00, 0x00, 0x00, 0x00, 0x00, 0x00, 0x00, 0x00,
    0x00, 0x00, 0x00, 0x00, 0x00, 0x00, 0x00, 0x00, 0x00, 0x00, 0x00, 0x00, 0x00, 0x00, 0x00, 0x00,
    0x00, 0x00, 0x00, 0x00, 0x00, 0x00, 0x00, 0x00, 0x00, 0x00, 0x00, 0x00, 0x00, 0x00, 0x00, 0x00,
    0x00, 0x00, 0x00, 0x00, 0x00, 0x00, 0x00, 0x00, 0x00, 0x00, 0x00, 0x00, 0x00, 0x00, 0x00, 0x00,
    0x00, 0x00, 0x00, 0x00, 0x00, 0x00, 0x00, 0x00, 0x00, 0x00, 0x00, 0x00, 0x00, 0x00, 0x00, 0x00,
    0x00, 0x00, 0x00, 0x00, 0x00, 0x00, 0x00, 0x00, 0x00, 0x00, 0x00, 0x00, 0x00, 0x00, 0x00, 0x00,
    0x00, 0x00, 0x00, 0x00, 0x00, 0x00, 0x00, 0x00, 0x00, 0x00, 0x00, 0x00, 0x00, 0x00, 0x00, 0x00,
    0x00, 0x00, 0x00, 0x00, 0x00, 0x00, 0x00, 0x00, 0x00, 0x00, 0x00, 0x00, 0x00, 0x00, 0x00, 0x00,
    0x00, 0x00, 0x00, 0x00, 0x00, 0x00, 0x00, 0x00, 0x00, 0x00, 0x00, 0x00, 0x00, 0x00, 0x00, 0x00,
    0x00, 0x00, 0x00, 0x00, 0x00, 0x00, 0x00, 0x00, 0x00, 0x00, 0x00, 0x00, 0x00, 0x00, 0x00, 0x00,
    0x00, 0x00, 0x00, 0x00, 0x00, 0x00, 0x00, 0x00, 0x00, 0x00, 0x00, 0x00, 0x00, 0x00, 0x00, 0x00,
    0x00, 0x00, 0x00, 0x00, 0x00, 0x00, 0x00, 0x00, 0x00, 0x00, 0x00, 0x00, 0x00, 0x00, 0x00, 0x00,
    0x00, 0x00, 0x00, 0x00, 0x00, 0x00, 0x00, 0x00, 0x00, 0x00, 0x00, 0x00, 0x00, 0x00, 0x00, 0x00,
    0x00, 0x00, 0x00, 0x00, 0x00, 0x00, 0x00, 0x00, 0x00, 0x00, 0x00, 0x00, 0x00, 0x00, 0x00, 0x00,
    0x00, 0x00, 0x00, 0x00, 0x00, 0x00, 0x00, 0x00, 0x00, 0x00, 0x00, 0x00, 0x00, 0x00, 0x00, 0x00,
    0x00, 0x00, 0x00, 0x00, 0x00, 0x00, 0x00, 0x00, 0x00, 0x00, 0x00, 0x00, 0x00, 0x00, 0x00, 0x00,
    0x00, 0x00, 0x00, 0x00, 0x00, 0x00, 0x00, 0x00, 0x00, 0x00, 0x00, 0x00, 0x00, 0x00, 0x00, 0x00,
    0x00, 0x00, 0x00, 0x00, 0x00, 0x00, 0x00, 0x00, 0x00, 0x00, 0x00, 0x00, 0x00, 0x00, 0x00, 0x00,
    0x00, 0x00, 0x00, 0x00, 0x00, 0x00, 0x00, 0x00, 0x00, 0x00, 0x00, 0x00, 0x00, 0x00, 0x00, 0x00,
    0x00, 0x00, 0x00, 0x00, 0x00, 0x00, 0x00, 0x00, 0x00, 0x00, 0x00, 0x00, 0x00, 0x00, 0x00, 0x00,
    0x00, 0x00, 0x00, 0x00, 0x00, 0x00, 0x00, 0x00, 0x00, 0x00, 0x00, 0x00, 0x00, 0x00, 0x00, 0x00,
    0x00, 0x00, 0x00, 0x00, 0x00, 0x00, 0x00, 0x00, 0x00, 0x00, 0x00, 0x00, 0x00, 0x00, 0x00, 0x00,
    0x00, 0x00, 0x00, 0x00, 0x00, 0x00, 0x00, 0x00, 0x00, 0x00, 0x00, 0x00, 0x00, 0x00, 0x00, 0x00,
    0x00, 0x00, 0x00, 0x00, 0x00, 0x00, 0x00, 0x00, 0x00, 0x00, 0x00, 0x00, 0x00, 0x00, 0x00, 0x00,
    0x00, 0x00, 0x00, 0x00, 0x00, 0x00, 0x00, 0x00, 0x00, 0x00, 0x00, 0x00, 0x00, 0x00, 0x00, 0x00,
    0x00, 0x00, 0x00, 0x00, 0x00, 0x00, 0x00, 0x00, 0x00, 0x00, 0x00, 0x00, 0x00, 0x00, 0x00, 0x00,
    0x00, 0x00, 0x00, 0x00, 0x00, 0x00, 0x00, 0x00, 0x00, 0x00, 0x00, 0x00, 0x00, 0x00, 0x00, 0x00,
    0x00, 0x00, 0x00, 0x00, 0x00, 0x00, 0x00, 0x00, 0x00, 0x00, 0x00, 0x00, 0x00, 0x00, 0x00, 0x00,
    0x00, 0x00, 0x00, 0x00, 0x00, 0x00, 0x00, 0x00, 0x00, 0x00, 0x00, 0x00, 0x00, 0x00, 0x00, 0x00,
    0x00, 0x00, 0x00, 0x00, 0x00, 0x00, 0x00, 0x00, 0x00, 0x00, 0x00, 0x00, 0x00, 0x00, 0x00, 0x00,
    0x00, 0x00, 0x00, 0x00, 0x00, 0x00, 0x00, 0x00, 0x00, 0x00, 0x00, 0x00, 0x00, 0x00, 0x00, 0x00,
    0x00, 0x00, 0x00, 0x00, 0x00, 0x00, 0x00, 0x00, 0x00, 0x00, 0x00, 0x00, 0x00, 0x00, 0x00, 0x00,
    0x00, 0x00, 0x00, 0x00, 0x00, 0x00, 0x00, 0x00, 0x00, 0x00, 0x00, 0x00, 0x00, 0x00, 0x00, 0x00,
    0x00, 0x00, 0x00, 0x00, 0x00, 0x00, 0x00, 0x00, 0x00, 0x00, 0x00, 0x00, 0x00, 0x00, 0x00, 0x00,
    0x00, 0x00, 0x00, 0x00, 0x00, 0x00, 0x00, 0x00, 0x00, 0x00, 0x00, 0x00, 0x00, 0x00, 0x00, 0x00,
    0x00, 0x00, 0x00, 0x00, 0x00, 0x00, 0x00, 0x00, 0x00, 0x00, 0x00, 0x00, 0x00, 0x00, 0x00, 0x00,
    0x00, 0x00, 0x00, 0x00, 0x00, 0x00, 0x00, 0x00, 0x00, 0x00, 0x00, 0x00, 0x00, 0x00, 0x00, 0x00,
    0x00, 0x00, 0x00, 0x00, 0x00, 0x00, 0x00, 0x00, 0x00, 0x00, 0x00, 0x00, 0x00, 0x00, 0x00, 0x00,
    0x00, 0x00, 0x00, 0x00, 0x00, 0x00, 0x00, 0x00, 0x00, 0x00, 0x00, 0x00, 0x00, 0x00, 0x00, 0x00,
    0x00, 0x00, 0x00, 0x00, 0x00, 0x00, 0x00, 0x00, 0x00, 0x00, 0x00, 0x00, 0x00, 0x00, 0x00, 0x00,
    0x00, 0x00, 0x00, 0x00, 0x00, 0x00, 0x00, 0x00, 0x00, 0x00, 0x00, 0x00, 0x00, 0x00, 0x00, 0x00,
    0x00, 0x00, 0x00, 0x00, 0x00, 0x00, 0x00, 0x00, 0x00, 0x00, 0x00, 0x00, 0x00, 0x00, 0x00, 0x00,
    0x00, 0x00, 0x00, 0x00, 0x00, 0x00, 0x00, 0x00, 0x00, 0x00, 0x00, 0x00, 0x00, 0x00, 0x00, 0x00,
    0x00, 0x00, 0x00, 0x00, 0x00, 0x00, 0x00, 0x00, 0x00, 0x00, 0x00, 0x00, 0x00, 0x00, 0x00, 0x00,
    0x00, 0x00, 0x00, 0x00, 0x00, 0x00, 0x00, 0x00, 0x00, 0x00, 0x00, 0x00, 0x00, 0x00, 0x00, 0x00,
    0x00, 0x00, 0x00, 0x00, 0x00, 0x00, 0x00, 0x00, 0x00, 0x00, 0x00, 0x00, 0x00, 0x00, 0x00, 0x00,
    0x00, 0x00, 0x00, 0x00, 0x00, 0x00, 0x00, 0x00, 0x00, 0x00, 0x00, 0x00, 0x00, 0x00, 0x00, 0x00,
    0x00, 0x00, 0x00, 0x00, 0x00, 0x00, 0x00, 0x00, 0x00, 0x00, 0x00, 0x00, 0x00, 0x00, 0x00, 0x00,
    0x00, 0x00, 0x00, 0x00, 0x00, 0x00, 0x00, 0x00, 0x00, 0x00, 0x00, 0x00, 0x00, 0x00, 0x00, 0x00,
    0x00, 0x00, 0x00, 0x00, 0x00, 0x00, 0x00, 0x00, 0x00, 0x00, 0x00, 0x00, 0x00, 0x00, 0x00, 0x00,
    0x00, 0x00, 0x00, 0x00, 0x00, 0x00, 0x00, 0x00, 0x00, 0x00, 0x00, 0x00, 0x00, 0x00, 0x00, 0x00,
    0x00, 0x00, 0x00, 0x00, 0x00, 0x00, 0x00, 0x00, 0x00, 0x00, 0x00, 0x00, 0x00, 0x00, 0x00, 0x00,
    0x00, 0x00, 0x00, 0x00, 0x00, 0x00, 0x00, 0x00, 0x00, 0x00, 0x00, 0x00, 0x00, 0x00, 0x00, 0x00,
    0x00, 0x00, 0x00, 0x00, 0x00, 0x00, 0x00, 0x00, 0x00, 0x00, 0x00, 0x00, 0x00, 0x00, 0x00, 0x00,
    0x00, 0x00, 0x00, 0x00, 0x00, 0x00, 0x00, 0x00, 0x00, 0x00, 0x00, 0x00, 0x00, 0x00, 0x00, 0x00,
    0x00, 0x00, 0x00, 0x00, 0x00, 0x00, 0x00, 0x00, 0x00, 0x00, 0x00, 0x00, 0x00, 0x00, 0x00, 0x00,
    0x00, 0x00, 0x00, 0x00, 0x00, 0x00, 0x00, 0x00, 0x00, 0x00, 0x00, 0x00, 0x00, 0x00, 0x00, 0x00,
    0x00, 0x00, 0x00, 0x00, 0x00, 0x00, 0x00, 0x00, 0x00, 0x00, 0x00, 0x00, 0x00, 0x00, 0x00, 0x00,
    0x00, 0x00, 0x00, 0x00, 0x00, 0x00, 0x00, 0x00, 0x00, 0x00, 0x00, 0x00, 0x00, 0x00, 0x00, 0x00,
    0x00, 0x00, 0x00, 0x00, 0x00, 0x00, 0x00, 0x00, 0x00, 0x00, 0x00, 0x00, 0x00, 0x00, 0x00, 0x00,
    0x00, 0x00, 0x00, 0x00, 0x00, 0x00, 0x00, 0x00, 0x00, 0x00, 0x00, 0x00, 0x00, 0x00, 0x00, 0x00,
    0x00, 0x00, 0x00, 0x00, 0x00, 0x00, 0x00, 0x00, 0x00, 0x00, 0x00, 0x00, 0x00, 0x00, 0x00, 0x00,
    0x00, 0x00, 0x00, 0x00, 0x00, 0x00, 0x00, 0x00, 0x00, 0x00, 0x00, 0x00, 0x00, 0x00, 0x00, 0x00,
    0x00, 0x00, 0x00, 0x00, 0x00, 0x00, 0x00, 0x00, 0x00, 0x00, 0x00, 0x00, 0x00, 0x00, 0x00, 0x00,
    0x00, 0x00, 0x00, 0x00, 0x00, 0x00, 0x00, 0x00, 0x00, 0x00, 0x00, 0x00, 0x00, 0x00, 0x00, 0x00,
    0x00, 0x00, 0x00, 0x00, 0x00, 0x00, 0x00, 0x00, 0x00, 0x00, 0x00, 0x00, 0x00, 0x00, 0x00, 0x00,
    0x00, 0x00, 0x00, 0x00, 0x00, 0x00, 0x00, 0x00, 0x00, 0x00, 0x00, 0x00, 0x00, 0x00, 0x00, 0x00,
    0x00, 0x00, 0x00, 0x00, 0x00, 0x00, 0x00, 0x00, 0x00, 0x00, 0x00, 0x00, 0x00, 0x00, 0x00, 0x00,
    0x00, 0x00, 0x00, 0x00, 0x00, 0x00, 0x00, 0x00, 0x00, 0x00, 0x00, 0x00, 0x00, 0x00, 0x00, 0x00,
    0x00, 0x00, 0x00, 0x00, 0x00, 0x00, 0x00, 0x00, 0x00, 0x00, 0x00, 0x00, 0x00, 0x00, 0x00, 0x00,
    0x00, 0x00, 0x00, 0x00, 0x00, 0x00, 0x00, 0x00, 0x00, 0x00, 0x00, 0x00, 0x00, 0x00, 0x00, 0x00,
    0x00, 0x00, 0x00, 0x00, 0x00, 0x00, 0x00, 0x00, 0x00, 0x00, 0x00, 0x00, 0x00, 0x00, 0x00, 0x00,
    0x00, 0x00, 0x00, 0x00, 0x00, 0x00, 0x00, 0x00, 0x00, 0x00, 0x00, 0x00, 0x00, 0x00, 0x00, 0x00,
    0x00, 0x00, 0x00, 0x00, 0x00, 0x00, 0x00, 0x00, 0x00, 0x00, 0x00, 0x00, 0x00, 0x00, 0x00, 0x00,
    0x00, 0x00, 0x00, 0x00, 0x00, 0x00, 0x00, 0x00, 0x00, 0x00, 0x00, 0x00, 0x00, 0x00, 0x00, 0x00,
    0x00, 0x00, 0x00, 0x00, 0x00, 0x00, 0x00, 0x00, 0x00, 0x00, 0x00, 0x00, 0x00, 0x00, 0x00, 0x00,
    0x00, 0x00, 0x00, 0x00, 0x00, 0x00, 0x00, 0x00, 0x00, 0x00, 0x00, 0x00, 0x00, 0x00, 0x00, 0x00,
    0x00, 0x00, 0x00, 0x00, 0x00, 0x00, 0x00, 0x00, 0x00, 0x00, 0x00, 0x00, 0x00, 0x00, 0x00, 0x00,
    0x00, 0x00, 0x00, 0x00, 0x00, 0x00, 0x00, 0x00, 0x00, 0x00, 0x00, 0x00, 0x00, 0x00, 0x00, 0x00,
    0x00, 0x00, 0x00, 0x00, 0x00, 0x00, 0x00, 0x00, 0x00, 0x00, 0x00, 0x00, 0x00, 0x00, 0x00, 0x00,
    0x00, 0x00, 0x00, 0x00, 0x00, 0x00, 0x00, 0x00, 0x00, 0x00, 0x00, 0x00, 0x00, 0x00, 0x00, 0x00,
    0x00, 0x00, 0x00, 0x00, 0x00, 0x00, 0x00, 0x00, 0x00, 0x00, 0x00, 0x00, 0x00, 0x00, 0x00, 0x00,
    0x00, 0x00, 0x00, 0x00, 0x00, 0x00, 0x00, 0x00, 0x00, 0x00, 0x00, 0x00, 0x00, 0x00, 0x00, 0x00,
    0x00, 0x00, 0x00, 0x00, 0x00, 0x00, 0x00, 0x00, 0x00, 0x00, 0x00, 0x00, 0x00, 0x00, 0x00, 0x00,
    0x00, 0x00, 0x00, 0x00, 0x00, 0x00, 0x00, 0x00, 0x00, 0x00, 0x00, 0x00, 0x00, 0x00, 0x00, 0x00,
    0x00, 0x00, 0x00, 0x00, 0x00, 0x00, 0x00, 0x00, 0x00, 0x00, 0x00, 0x00, 0x00, 0x00, 0x00, 0x00,
    0x00, 0x00, 0x00, 0x00, 0x00, 0x00, 0x00, 0x00, 0x00, 0x00, 0x00, 0x00, 0x00, 0x00, 0x00, 0x00,
    0x00, 0x00, 0x00, 0x00, 0x00, 0x00, 0x00, 0x00, 0x00, 0x00, 0x00, 0x00, 0x00, 0x00, 0x00, 0x00,
    0x00, 0x00, 0x00, 0x00, 0x00, 0x00, 0x00, 0x00, 0x00, 0x00, 0x00, 0x00, 0x00, 0x00, 0x00, 0x00,
    0x00, 0x00, 0x00, 0x00, 0x00, 0x00, 0x00, 0x00, 0x00, 0x00, 0x00, 0x00, 0x00, 0x00, 0x00, 0x00,
    0x00, 0x00, 0x00, 0x00, 0x00, 0x00, 0x00, 0x00, 0x00, 0x00, 0x00, 0x00, 0x00, 0x00, 0x00, 0x00,
    0x00, 0x00, 0x00, 0x00, 0x00, 0x00, 0x00, 0x00, 0x00, 0x00, 0x00, 0x00, 0x00, 0x00, 0x00, 0x00,
    0x00, 0x00, 0x00, 0x00, 0x00, 0x00, 0x00, 0x00, 0x00, 0x00, 0x00, 0x00, 0x00, 0x00, 0x00, 0x00,
    0x00, 0x00, 0x00, 0x00, 0x00, 0x00, 0x00, 0x00, 0x00, 0x00, 0x00, 0x00, 0x00, 0x00, 0x00, 0x00,
    0x00, 0x00, 0x00, 0x00, 0x00, 0x00, 0x00, 0x00, 0x00, 0x00, 0x00, 0x00, 0x00, 0x00, 0x00, 0x00,
    0x00, 0x00, 0x00, 0x00, 0x00, 0x00, 0x00, 0x00, 0x00, 0x00, 0x00, 0x00, 0x00, 0x00, 0x00, 0x00,
    0x00, 0x00, 0x00, 0x00, 0x00, 0x00, 0x00, 0x00, 0x00, 0x00, 0x00, 0x00, 0x00, 0x00, 0x00, 0x00,
    0x00, 0x00, 0x00, 0x00, 0x00, 0x00, 0x00, 0x00, 0x00, 0x00, 0x00, 0x00, 0x00, 0x00, 0x00, 0x00,
    0x00, 0x00, 0x00, 0x00, 0x00, 0x00, 0x00, 0x00, 0x00, 0x00, 0x00, 0x00, 0x00, 0x00, 0x00, 0x00,
    0x00, 0x00, 0x00, 0x00, 0x00, 0x00, 0x00, 0x00, 0x00, 0x00, 0x00, 0x00, 0x00, 0x00, 0x00, 0x00,
    0x00, 0x00, 0x00, 0x00, 0x00, 0x00, 0x00, 0x00, 0x00, 0x00, 0x00, 0x00, 0x00, 0x00, 0x00, 0x00,
    0x00, 0x00, 0x00, 0x00, 0x00, 0x00, 0x00, 0x00, 0x00, 0x00, 0x00, 0x00, 0x00, 0x00, 0x00, 0x00,
    0x00, 0x00, 0x00, 0x00, 0x00, 0x00, 0x00, 0x00, 0x00, 0x00, 0x00, 0x00, 0x00, 0x00, 0x00, 0x00,
    0x00, 0x00, 0x00, 0x00, 0x00, 0x00, 0x00, 0x00, 0x00, 0x00, 0x00, 0x00, 0x00, 0x00, 0x00, 0x00,
    0x00, 0x00, 0x00, 0x00, 0x00, 0x00, 0x00, 0x00, 0x00, 0x00, 0x00, 0x00, 0x00, 0x00, 0x00, 0x00,
    0x00, 0x00, 0x00, 0x00, 0x00, 0x00, 0x00, 0x00, 0x00, 0x00, 0x00, 0x00, 0x00, 0x00, 0x00, 0x00,
    0x00, 0x00, 0x00, 0x00, 0x00, 0x00, 0x00, 0x00, 0x00, 0x00, 0x00, 0x00, 0x00, 0x00, 0x00, 0x00,
    0x00, 0x00, 0x00, 0x00, 0x00, 0x00, 0x00, 0x00, 0x00, 0x00, 0x00, 0x00, 0x00, 0x00, 0x00, 0x00,
    0x00, 0x00, 0x00, 0x00, 0x00, 0x00, 0x00, 0x00, 0x00, 0x00, 0x00, 0x00, 0x00, 0x00, 0x00, 0x00,
    0x00, 0x00, 0x00, 0x00, 0x00, 0x00, 0x00, 0x00, 0x00, 0x00, 0x00, 0x00, 0x00, 0x00, 0x00, 0x00,
    0x00, 0x00, 0x00, 0x00, 0x00, 0x00, 0x00, 0x00, 0x00, 0x00, 0x00, 0x00, 0x00, 0x00, 0x00, 0x00,
    0x00, 0x00, 0x00, 0x00, 0x00, 0x00, 0x00, 0x00, 0x00, 0x00, 0x00, 0x00, 0x00, 0x00, 0x00, 0x00,
    0x00, 0x00, 0x00, 0x00, 0x00, 0x00, 0x00, 0x00, 0x00, 0x00, 0x00, 0x00, 0x00, 0x00, 0x00, 0x00,
    0x00, 0x00, 0x00, 0x00, 0x00, 0x00, 0x00, 0x00, 0x00, 0x00, 0x00, 0x00, 0x00, 0x00, 0x00, 0x00,
    0x00, 0x00, 0x00, 0x00, 0x00, 0x00, 0x00, 0x00, 0x00, 0x00, 0x00, 0x00, 0x00, 0x00, 0x00, 0x00,
    0x00, 0x00, 0x00, 0x00, 0x00, 0x00, 0x00, 0x00, 0x00, 0x00, 0x00, 0x00, 0x00, 0x00, 0x00, 0x00,
    0x00, 0x00, 0x00, 0x00, 0x00, 0x00, 0x00, 0x00, 0x00, 0x00, 0x00, 0x00, 0x00, 0x00, 0x00, 0x00,
    0x00, 0x00, 0x00, 0x00, 0x00, 0x00, 0x00, 0x00, 0x00, 0x00, 0x00, 0x00, 0x00, 0x00, 0x00, 0x00,
    0x00, 0x00, 0x00, 0x00, 0x00, 0x00, 0x00, 0x00, 0x00, 0x00, 0x00, 0x00, 0x00, 0x00, 0x00, 0x00,
    0x00, 0x00, 0x00, 0x00, 0x00, 0x00, 0x00, 0x00, 0x00, 0x00, 0x00, 0x00, 0x00, 0x00, 0x00, 0x00,
    0x00, 0x00, 0x00, 0x00, 0x00, 0x00, 0x00, 0x00, 0x00, 0x00, 0x00, 0x00, 0x00, 0x00, 0x00, 0x00,
    0x00, 0x00, 0x00, 0x00, 0x00, 0x00, 0x00, 0x00, 0x00, 0x00, 0x00, 0x00, 0x00, 0x00, 0x00, 0x00,
    0x00, 0x00, 0x00, 0x00, 0x00, 0x00, 0x00, 0x00, 0x00, 0x00, 0x00, 0x00, 0x00, 0x00, 0x00, 0x00,
    0x00, 0x00, 0x00, 0x00, 0x00, 0x00, 0x00, 0x00, 0x00, 0x00, 0x00, 0x00, 0x00, 0x00, 0x00, 0x00,
    0x00, 0x00, 0x00, 0x00, 0x00, 0x00, 0x00, 0x00, 0x00, 0x00, 0x00, 0x00, 0x00, 0x00, 0x00, 0x00,
    0x00, 0x00, 0x00, 0x00, 0x00, 0x00, 0x00, 0x00, 0x00, 0x00, 0x00, 0x00, 0x00, 0x00, 0x00, 0x00,
    0x00, 0x00, 0x00, 0x00, 0x00, 0x00, 0x00, 0x00, 0x00, 0x00, 0x00, 0x00, 0x00, 0x00, 0x00, 0x00,
    0x00, 0x00, 0x00, 0x00, 0x00, 0x00, 0x00, 0x00, 0x00, 0x00, 0x00, 0x00, 0x00, 0x00, 0x00, 0x00,
    0x00, 0x00, 0x00, 0x00, 0x00, 0x00, 0x00, 0x00, 0x00, 0x00, 0x00, 0x00, 0x00, 0x00, 0x00, 0x00,
    0x00, 0x00, 0x00, 0x00, 0x00, 0x00, 0x00, 0x00, 0x00, 0x00, 0x00, 0x00, 0x00, 0x00, 0x00, 0x00,
    0x00, 0x00, 0x00, 0x00, 0x00, 0x00, 0x00, 0x00, 0x00, 0x00, 0x00, 0x00, 0x00, 0x00, 0x00, 0x00,
    0x00, 0x00, 0x00, 0x00, 0x00, 0x00, 0x00, 0x00, 0x00, 0x00, 0x00, 0x00, 0x00, 0x00, 0x00, 0x00,
    0x00, 0x00, 0x00, 0x00, 0x00, 0x00, 0x00, 0x00, 0x00, 0x00, 0x00, 0x00, 0x00, 0x00, 0x00, 0x00,
    0x00, 0x00, 0x00, 0x00, 0x00, 0x00, 0x00, 0x00, 0x00, 0x00, 0x00, 0x00, 0x00, 0x00, 0x00, 0x00,
    0x00, 0x00, 0x00, 0x00, 0x00, 0x00, 0x00, 0x00, 0x00, 0x00, 0x00, 0x00, 0x00, 0x00, 0x00, 0x00,
    0x00, 0x00, 0x00, 0x00, 0x00, 0x00, 0x00, 0x00, 0x00, 0x00, 0x00, 0x00, 0x00, 0x00, 0x00, 0x00,
    0x00, 0x00, 0x00, 0x00, 0x00, 0x00, 0x00, 0x00, 0x00, 0x00, 0x00, 0x00, 0x00, 0x00, 0x00, 0x00,
    0x00, 0x00, 0x00, 0x00, 0x00, 0x00, 0x00, 0x00, 0x00, 0x00, 0x00, 0x00, 0x00, 0x00, 0x00, 0x00,
    0x00, 0x00, 0x00, 0x00, 0x00, 0x00, 0x00, 0x00, 0x00, 0x00, 0x00, 0x00, 0x00, 0x00, 0x00, 0x00,
    0x00, 0x00, 0x00, 0x00, 0x00, 0x00, 0x00, 0x00, 0x00, 0x00, 0x00, 0x00, 0x00, 0x00, 0x00, 0x00,
    0x00, 0x00, 0x00, 0x00, 0x00, 0x00, 0x00, 0x00, 0x00, 0x00, 0x00, 0x00, 0x00, 0x00, 0x00, 0x00,
    0x00, 0x00, 0x00, 0x00, 0x00, 0x00, 0x00, 0x00, 0x00, 0x00, 0x00, 0x00, 0x00, 0x00, 0x00, 0x00,
    0x00, 0x00, 0x00, 0x00, 0x00, 0x00, 0x00, 0x00, 0x00, 0x00, 0x00, 0x00, 0x00, 0x00, 0x00, 0x00,
    0x00, 0x00, 0x00, 0x00, 0x00, 0x00, 0x00, 0x00, 0x00, 0x00, 0x00, 0x00, 0x00, 0x00, 0x00, 0x00,
    0x00, 0x00, 0x00, 0x00, 0x00, 0x00, 0x00, 0x00, 0x00, 0x00, 0x00, 0x00, 0x00, 0x00, 0x00, 0x00,
    0x00, 0x00, 0x00, 0x00, 0x00, 0x00, 0x00, 0x00, 0x00, 0x00, 0x00, 0x00, 0x00, 0x00, 0x00, 0x00,
    0x00, 0x00, 0x00, 0x00, 0x00, 0x00, 0x00, 0x00, 0x00, 0x00, 0x00, 0x00, 0x00, 0x00, 0x00, 0x00,
    0x00, 0x00, 0x00, 0x00, 0x00, 0x00, 0x00, 0x00, 0x00, 0x00, 0x00, 0x00, 0x00, 0x00, 0x00, 0x00,
    0x00, 0x00, 0x00, 0x00, 0x00, 0x00, 0x00, 0x00, 0x00, 0x00, 0x00, 0x00, 0x00, 0x00, 0x00, 0x00,
    0x00, 0x00, 0x00, 0x00, 0x00, 0x00, 0x00, 0x00, 0x00, 0x00, 0x00, 0x00, 0x00, 0x00, 0x00, 0x00,
    0x00, 0x00, 0x00, 0x00, 0x00, 0x00, 0x00, 0x00, 0x00, 0x00, 0x00, 0x00, 0x00, 0x00, 0x00, 0x00,
    0x00, 0x00, 0x00, 0x00, 0x00, 0x00, 0x00, 0x00, 0x00, 0x00, 0x00, 0x00, 0x00, 0x00, 0x00, 0x00,
    0x00, 0x00, 0x00, 0x00, 0x00, 0x00, 0x00, 0x00, 0x00, 0x00, 0x00, 0x00, 0x00, 0x00, 0x00, 0x00,
    0x00, 0x00, 0x00, 0x00, 0x00, 0x00, 0x00, 0x00, 0x00, 0x00, 0x00, 0x00, 0x00, 0x00, 0x00, 0x00,
    0x00, 0x00, 0x00, 0x00, 0x00, 0x00, 0x00, 0x00, 0x00, 0x00, 0x00, 0x00, 0x00, 0x00, 0x00, 0x00,
    0x00, 0x00, 0x00, 0x00, 0x00, 0x00, 0x00, 0x00, 0x00, 0x00, 0x00, 0x00, 0x00, 0x00, 0x00, 0x00,
    0x00, 0x00, 0x00, 0x00, 0x00, 0x00, 0x00, 0x00, 0x00, 0x00, 0x00, 0x00, 0x00, 0x00, 0x00, 0x00,
    0x00, 0x00, 0x00, 0x00, 0x00, 0x00, 0x00, 0x00, 0x00, 0x00, 0x00, 0x00, 0x00, 0x00, 0x00, 0x00,
    0x00, 0x00, 0x00, 0x00, 0x00, 0x00, 0x00, 0x00, 0x00, 0x00, 0x00, 0x00, 0x00, 0x00, 0x00, 0x00,
    0x00, 0x00, 0x00, 0x00, 0x00, 0x00, 0x00, 0x00, 0x00, 0x00, 0x00, 0x00, 0x00, 0x00, 0x00, 0x00,
    0x00, 0x00, 0x00, 0x00, 0x00, 0x00, 0x00, 0x00, 0x00, 0x00, 0x00, 0x00, 0x00, 0x00, 0x00, 0x00,
    0x00, 0x00, 0x00, 0x00, 0x00, 0x00, 0x00, 0x00, 0x00, 0x00, 0x00, 0x00, 0x00, 0x00, 0x00, 0x00,
    0x00, 0x00, 0x00, 0x00, 0x00, 0x00, 0x00, 0x00, 0x00, 0x00, 0x00, 0x00, 0x00, 0x00, 0x00, 0x00,
    0x00, 0x00, 0x00, 0x00, 0x00, 0x00, 0x00, 0x00, 0x00, 0x00, 0x00, 0x00, 0x00, 0x00, 0x00, 0x00,
    0x00, 0x00, 0x00, 0x00, 0x00, 0x00, 0x00, 0x00, 0x00, 0x00, 0x00, 0x00, 0x00, 0x00, 0x00, 0x00,
    0x00, 0x00, 0x00, 0x00, 0x00, 0x00, 0x00, 0x00, 0x00, 0x00, 0x00, 0x00, 0x00, 0x00, 0x00, 0x00,
    0x00, 0x00, 0x00, 0x00, 0x00, 0x00, 0x00, 0x00, 0x00, 0xe0, 0x0b, 0x00, 0x00, 0xf0, 0x0f, 0x00,
    0x00, 0x90, 0x06, 0x00, 0x00, 0x00, 0x00, 0x00, 0x00, 0x00, 0x00, 0x00, 0x00, 0x00, 0x00, 0x00,
    0x00, 0xf0, 0x03, 0x00, 0x00, 0xf0, 0x03, 0x00, 0x00, 0xf0, 0x03, 0x00, 0x00, 0xf0, 0x03, 0x00,
    0x00, 0xf0, 0x03, 0x00, 0x00, 0xf0, 0x03, 0x00, 0x00, 0xf0, 0x03, 0x00, 0x00, 0xf0, 0x03, 0x00,
    0x00, 0xf0, 0x03, 0x00, 0x00, 0xf0, 0x03, 0x00, 0x00, 0xf0, 0x03, 0x00, 0x00, 0xf0, 0x03, 0x00,
    0x00, 0x00, 0x00, 0x00, 0x00, 0x00, 0x00, 0x00, 0x00, 0x00, 0x00, 0x00, 0x00, 0x00, 0x00, 0x00,
    0x00, 0x00, 0x00, 0x00, 0x00, 0x00, 0x00, 0x00, 0x00, 0x00, 0x00, 0x00, 0x00, 0x00, 0x00, 0x00,
    0x00, 0x00, 0x00, 0x00, 0x00, 0x00, 0x00, 0x00, 0x00, 0x00, 0x01, 0x00, 0x00, 0x40, 0x03, 0x00,
    0x00, 0x40, 0x03, 0x00, 0x00, 0x40, 0x03, 0x00, 0x00, 0xe4, 0x6f, 0x00, 0x00, 0xfd, 0xff, 0x02,
    0x40, 0xff, 0xfb, 0x07, 0x80, 0x6f, 0xd3, 0x0b, 0xc0, 0x4f, 0xc3, 0x0f, 0xc0, 0x4f, 0x03, 0x00,
    0xc0, 0x4f, 0x03, 0x00, 0xc0, 0x4f, 0x03, 0x00, 0xc0, 0x4f, 0x03, 0x00, 0xc0, 0x4f, 0xc3, 0x0f,
    0x80, 0x6f, 0xd3, 0x0b, 0x40, 0xff, 0xfb, 0x07, 0x00, 0xfd, 0xff, 0x02, 0x00, 0xe4, 0x6f, 0x00,
    0x00, 0x40, 0x03, 0x00, 0x00, 0x40, 0x03, 0x00, 0x00, 0x40, 0x03, 0x00, 0x00, 0x00, 0x00, 0x00,
    0x00, 0x00, 0x00, 0x00, 0x00, 0x00, 0x00, 0x00, 0x00, 0x00, 0x00, 0x00, 0x00, 0x00, 0x00, 0x00,
    0x00, 0x00, 0x00, 0x00, 0x00, 0x00, 0x00, 0x00, 0x00, 0x00, 0x00, 0x00, 0x00, 0x00, 0x00, 0x00,
    0x00, 0x00, 0x00, 0x00, 0x00, 0x00, 0x00, 0x00, 0x00, 0xe4, 0x6f, 0x00, 0x00, 0xfe, 0xff, 0x02,
    0x40, 0xbf, 0xfe, 0x07, 0x80, 0x1f, 0xe0, 0x0b, 0xc0, 0x0f, 0x80, 0x0a, 0xc0, 0x0f, 0x00, 0x00,
    0x80, 0x1f, 0x00, 0x00, 0x40, 0x3f, 0x00, 0x00, 0xc0, 0xff, 0xbf, 0x00, 0xc0, 0xff, 0xbf, 0x00,
    0x80, 0xfe, 0x6a, 0x00, 0x00, 0xfc, 0x00, 0x00, 0x00, 0xbc, 0x00, 0x00, 0x00, 0x7e, 0x00, 0x00,
    0x80, 0x1f, 0x00, 0x00, 0xc0, 0xab, 0xaa, 0x0a, 0xc0, 0xff, 0xff, 0x0f, 0xc0, 0xff, 0xff, 0x0f,
    0x00, 0x00, 0x00, 0x00, 0x00, 0x00, 0x00, 0x00, 0x00, 0x00, 0x00, 0x00, 0x00, 0x00, 0x00, 0x00,
    0x00, 0x00, 0x00, 0x00, 0x00, 0x00, 0x00, 0x00, 0x00, 0x00, 0x00, 0x00, 0x00, 0x00, 0x00, 0x00,
    0x00, 0x00, 0x00, 0x00, 0x00, 0x00, 0x00, 0x00, 0x00, 0x00, 0x00, 0x00, 0x00, 0x00, 0x00, 0x00,
    0x00, 0x00, 0x00, 0x00, 0x00, 0x00, 0x00, 0x00, 0x00, 0x00, 0x00, 0x00, 0x00, 0x00, 0x00, 0x00,
    0x40, 0x00, 0x00, 0x00, 0xe0, 0x01, 0x00, 0x0b, 0xf0, 0xe7, 0xdb, 0x0f, 0xd0, 0xff, 0xff, 0x07,
    0x80, 0xbf, 0xfe, 0x02, 0x80, 0x0f, 0xf0, 0x02, 0xc0, 0x07, 0xd0, 0x03, 0xc0, 0x03, 0xc0, 0x03,
    0xc0, 0x07, 0xd0, 0x03, 0x80, 0x0f, 0xf0, 0x02, 0x80, 0xbf, 0xfe, 0x02, 0xd0, 0xff, 0xff, 0x07,
    0xf0, 0xe7, 0xdb, 0x0f, 0xe0, 0x01, 0x40, 0x0b, 0x40, 0x00, 0x00, 0x00, 0x00, 0x00, 0x00, 0x00,
    0x00, 0x00, 0x00, 0x00, 0x00, 0x00, 0x00, 0x00, 0x00, 0x00, 0x00, 0x00, 0x00, 0x00, 0x00, 0x00,
    0x00, 0x00, 0x00, 0x00, 0x00, 0x00, 0x00, 0x00, 0x00, 0x00, 0x00, 0x00, 0x00, 0x00, 0x00, 0x00,
    0x00, 0x00, 0x00, 0x00, 0x00, 0x00, 0x00, 0x00, 0x00, 0x00, 0x00, 0x00, 0x00, 0x00, 0x00, 0x00,
    0x00, 0x00, 0x00, 0x00, 0x00, 0x00, 0x00, 0x00, 0xf8, 0x01, 0x80, 0x2f, 0xf4, 0x02, 0xd0, 0x0f,
    0xe0, 0x03, 0xe0, 0x0b, 0xd0, 0x0b, 0xf4, 0x03, 0xc0, 0x0f, 0xf8, 0x01, 0x40, 0x1f, 0xfd, 0x00,
    0x00, 0x3f, 0x7e, 0x00, 0x00, 0x7e, 0x3f, 0x00, 0x00, 0xfc, 0x1f, 0x00, 0xf0, 0xff, 0xff, 0x0f,
    0xf0, 0xff, 0xff, 0x0f, 0x50, 0xf5, 0x57, 0x05, 0x00, 0xf0, 0x03, 0x00, 0xf0, 0xff, 0xff, 0x0f,
    0xf0, 0xff, 0xff, 0x0f, 0xa0, 0xfa, 0xab, 0x0a, 0x00, 0xf0, 0x03, 0x00, 0x00, 0xf0, 0x03, 0x00,
    0x00, 0x00, 0x00, 0x00, 0x00, 0x00, 0x00, 0x00, 0x00, 0x00, 0x00, 0x00, 0x00, 0x00, 0x00, 0x00,
    0x00, 0x00, 0x00, 0x00, 0x00, 0x00, 0x00, 0x00, 0x00, 0x00, 0x00, 0x00, 0x00, 0x00, 0x00, 0x00,
    0x00, 0x00, 0x00, 0x00, 0x00, 0x00, 0x00, 0x00, 0x00, 0x00, 0x00, 0x00, 0x00, 0xc0, 0x0f, 0x00,
    0x00, 0xc0, 0x0f, 0x00, 0x00, 0xc0, 0x0f, 0x00, 0x00, 0xc0, 0x0f, 0x00, 0x00, 0xc0, 0x0f, 0x00,
    0x00, 0xc0, 0x0f, 0x00, 0x00, 0xc0, 0x0f, 0x00, 0x00, 0xc0, 0x0f, 0x00, 0x00, 0xc0, 0x0f, 0x00,
    0x00, 0xc0, 0x0f, 0x00, 0x00, 0x00, 0x00, 0x00, 0x00, 0x00, 0x00, 0x00, 0x00, 0x00, 0x00, 0x00,
    0x00, 0x00, 0x00, 0x00, 0x00, 0xc0, 0x0f, 0x00, 0x00, 0xc0, 0x0f, 0x00, 0x00, 0xc0, 0x0f, 0x00,
    0x00, 0xc0, 0x0f, 0x00, 0x00, 0xc0, 0x0f, 0x00, 0x00, 0xc0, 0x0f, 0x00, 0x00, 0xc0, 0x0f, 0x00,
    0x00, 0xc0, 0x0f, 0x00, 0x00, 0xc0, 0x0f, 0x00, 0x00, 0xc0, 0x0f, 0x00, 0x00, 0x00, 0x00, 0x00,
    0x00, 0x00, 0x00, 0x00, 0x00, 0x00, 0x00, 0x00, 0x00, 0x00, 0x00, 0x00, 0x00, 0x00, 0x00, 0x00,
    0x00, 0x00, 0x00, 0x00, 0x00, 0x00, 0x00, 0x00, 0x00, 0x00, 0x00, 0x00, 0x00, 0x00, 0x00, 0x00,
    0x00, 0x00, 0x00, 0x00, 0x00, 0x00, 0x00, 0x00, 0x00, 0xf8, 0x6f, 0x00, 0x00, 0xff, 0xff, 0x02,
    0x80, 0xbf, 0xfa, 0x07, 0xc0, 0x1f, 0xd0, 0x0b, 0xc0, 0x0f, 0x00, 0x00, 0x80, 0x1f, 0x00, 0x00,
    0x40, 0xbf, 0x06, 0x00, 0x00, 0xfd, 0xbf, 0x00, 0x00, 0x28, 0xf5, 0x03, 0x40, 0x0f, 0xd0, 0x0b,
    0x80, 0x0f, 0xc0, 0x0f, 0xc0, 0x0f, 0xc0, 0x0f, 0xc0, 0x6f, 0xd0, 0x0b, 0x40, 0xff, 0xff, 0x02,
    0x00, 0xfe, 0x7f, 0x00, 0x00, 0xe4, 0xff, 0x02, 0x00, 0x00, 0xf4, 0x0b, 0x00, 0x00, 0xc0, 0x0f,
    0x40, 0x05, 0xc0, 0x0f, 0xc0, 0x1f, 0xe0, 0x0b, 0x40, 0xff, 0xff, 0x07, 0x00, 0xfe, 0xff, 0x02,
    0x00, 0x90, 0x1a, 0x00, 0x00, 0x00, 0x00, 0x00, 0x00, 0x00, 0x00, 0x00, 0x00, 0x00, 0x00, 0x00,
    0x00, 0x00, 0x00, 0x00, 0x00, 0x00, 0x00, 0x00, 0x00, 0x00, 0x00, 0x00, 0x00, 0x00, 0x00, 0x00,
    0x00, 0x1d, 0xd0, 0x01, 0x00, 0x3f, 0xf0, 0x03, 0x00, 0x3f, 0xf0, 0x03, 0x00, 0x1d, 0xd0, 0x01,
    0x00, 0x00, 0x00, 0x00, 0x00, 0x00, 0x00, 0x00, 0x00, 0x00, 0x00, 0x00, 0x00, 0x00, 0x00, 0x00,
    0x00, 0x00, 0x00, 0x00, 0x00, 0x00, 0x00, 0x00, 0x00, 0x00, 0x00, 0x00, 0x00, 0x00, 0x00, 0x00,
    0x00, 0x00, 0x00, 0x00, 0x00, 0x00, 0x00, 0x00, 0x00, 0x00, 0x00, 0x00, 0x00, 0x00, 0x00, 0x00,
    0x00, 0x00, 0x00, 0x00, 0x00, 0x00, 0x00, 0x00, 0x00, 0x00, 0x00, 0x00, 0x00, 0x00, 0x00, 0x00,
    0x00, 0x00, 0x00, 0x00, 0x00, 0x00, 0x00, 0x00, 0x00, 0x00, 0x00, 0x00, 0x00, 0x00, 0x00, 0x00,
    0x00, 0x00, 0x00, 0x00, 0x00, 0x00, 0x00, 0x00, 0x00, 0x00, 0x00, 0x00, 0x00, 0x00, 0x00, 0x00,
    0x00, 0x00, 0x00, 0x00, 0x00, 0x00, 0x00, 0x00, 0x00, 0x00, 0x00, 0x00, 0x00, 0x00, 0x00, 0x00,
    0x00, 0x00, 0x00, 0x00, 0x00, 0xe8, 0x1b, 0x00, 0x40, 0x5b, 0xe5, 0x00, 0xc0, 0x01, 0x80, 0x03,
    0xa0, 0x00, 0x00, 0x07, 0x70, 0xe0, 0x0b, 0x09, 0x30, 0xf8, 0x2f, 0x0d, 0x34, 0x3c, 0x3c, 0x0d,
    0x34, 0x3c, 0x00, 0x0d, 0x34, 0x3c, 0x00, 0x0d, 0x34, 0x3c, 0x14, 0x0d, 0x30, 0x3c, 0x3d, 0x0d,
    0x70, 0xf4, 0x1f, 0x09, 0xa0, 0x90, 0x06, 0x0a, 0xd0, 0x01, 0x40, 0x03, 0x40, 0x1b, 0xe4, 0x01,
    0x00, 0xf9, 0x2f, 0x00, 0x00, 0x00, 0x00, 0x00, 0x00, 0x00, 0x00, 0x00, 0x00, 0x00, 0x00, 0x00,
    0x00, 0x00, 0x00, 0x00, 0x00, 0x00, 0x00, 0x00, 0x00, 0x00, 0x00, 0x00, 0x00, 0x00, 0x00, 0x00,
    0x00, 0x00, 0x00, 0x00, 0x00, 0x00, 0x00, 0x00, 0x00, 0x00, 0x00, 0x00, 0x00, 0x00, 0x00, 0x00,
    0x00, 0x00, 0x00, 0x00, 0x00, 0x00, 0x00, 0x00, 0x00, 0x00, 0x00, 0x00, 0x00, 0x00, 0x00, 0x00,
    0x00, 0x00, 0x00, 0x00, 0x00, 0x00, 0x00, 0x00, 0x00, 0xd0, 0x1b, 0x00, 0x00, 0x74, 0x2d, 0x00,
    0x00, 0x00, 0x3c, 0x00, 0x00, 0xe4, 0x3f, 0x00, 0x00, 0x7c, 0x3c, 0x00, 0x00, 0x7c, 0x3d, 0x00,
    0x00, 0xf4, 0x3e, 0x00, 0x00, 0x00, 0x00, 0x00, 0x00, 0x00, 0x00, 0x00, 0x00, 0x00, 0x00, 0x00,
    0x00, 0x00, 0x00, 0x00, 0x00, 0x00, 0x00, 0x00, 0x00, 0x00, 0x00, 0x00, 0x00, 0x00, 0x00, 0x00,
    0x00, 0x00, 0x00, 0x00, 0x00, 0x00, 0x00, 0x00, 0x00, 0x00, 0x00, 0x00, 0x00, 0x00, 0x00, 0x00,
    0x00, 0x00, 0x00, 0x00, 0x00, 0x00, 0x00, 0x00, 0x00, 0x00, 0x00, 0x00, 0x00, 0x00, 0x00, 0x00,
    0x00, 0x00, 0x00, 0x00, 0x00, 0x00, 0x00, 0x00, 0x00, 0x00, 0x00, 0x00, 0x00, 0x00, 0x00, 0x00,
    0x00, 0x00, 0x00, 0x00, 0x00, 0x00, 0x00, 0x00, 0x00, 0x00, 0x00, 0x00, 0x00, 0x00, 0x00, 0x00,
    0x00, 0x00, 0x00, 0x00, 0x00, 0x00, 0x00, 0x00, 0x00, 0x00, 0x00, 0x00, 0x00, 0x00, 0x00, 0x00,
    0x00, 0x00, 0x00, 0x00, 0x00, 0x00, 0x00, 0x00, 0x00, 0x00, 0x00, 0x00, 0x00, 0xf4, 0x82, 0x1f,
    0x00, 0xfd, 0xd0, 0x0b, 0x00, 0x7f, 0xf0, 0x03, 0x80, 0x1f, 0xf8, 0x01, 0xd0, 0x0b, 0x7e, 0x00,
    0xf0, 0x43, 0x2f, 0x00, 0xf0, 0x43, 0x2f, 0x00, 0xd0, 0x0b, 0xbe, 0x00, 0x80, 0x1f, 0xf8, 0x01,
    0x00, 0x7f, 0xf0, 0x03, 0x00, 0xfd, 0xd0, 0x0b, 0x00, 0xf4, 0x82, 0x2f, 0x00, 0x00, 0x00, 0x00,
    0x00, 0x00, 0x00, 0x00, 0x00, 0x00, 0x00, 0x00, 0x00, 0x00, 0x00, 0x00, 0x00, 0x00, 0x00, 0x00,
    0x00, 0x00, 0x00, 0x00, 0x00, 0x00, 0x00, 0x00, 0x00, 0x00, 0x00, 0x00, 0x00, 0x00, 0x00, 0x00,
    0x00, 0x00, 0x00, 0x00, 0x00, 0x00, 0x00, 0x00, 0x00, 0x00, 0x00, 0x00, 0x00, 0x00, 0x00, 0x00,
    0x00, 0x00, 0x00, 0x00, 0x00, 0x00, 0x00, 0x00, 0x00, 0x00, 0x00, 0x00, 0x00, 0x00, 0x00, 0x00,
    0x00, 0x00, 0x00, 0x00, 0x00, 0x00, 0x00, 0x00, 0x00, 0x00, 0x00, 0x00, 0x00, 0x00, 0x00, 0x00,
    0x00, 0x00, 0x00, 0x00, 0x80, 0xaa, 0xaa, 0x0a, 0xc0, 0xff, 0xff, 0x0f, 0xc0, 0xff, 0xff, 0x0f,
    0x00, 0x00, 0xc0, 0x0f, 0x00, 0x00, 0xc0, 0x0f, 0x00, 0x00, 0xc0, 0x0f, 0x00, 0x00, 0x80, 0x06,
    0x00, 0x00, 0x00, 0x00, 0x00, 0x00, 0x00, 0x00, 0x00, 0x00, 0x00, 0x00, 0x00, 0x00, 0x00, 0x00,
    0x00, 0x00, 0x00, 0x00, 0x00, 0x00, 0x00, 0x00, 0x00, 0x00, 0x00, 0x00, 0x00, 0x00, 0x00, 0x00,
    0x00, 0x00, 0x00, 0x00, 0x00, 0x00, 0x00, 0x00, 0x00, 0x00, 0x00, 0x00, 0x00, 0x00, 0x00, 0x00,
    0x00, 0x00, 0x00, 0x00, 0x00, 0x00, 0x00, 0x00, 0x00, 0x00, 0x00, 0x00, 0x00, 0x00, 0x00, 0x00,
    0x00, 0x00, 0x00, 0x00, 0x00, 0x00, 0x00, 0x00, 0x00, 0x00, 0x00, 0x00, 0x00, 0x00, 0x00, 0x00,
    0x00, 0x00, 0x00, 0x00, 0x00, 0x00, 0x00, 0x00, 0x00, 0x00, 0x00, 0x00, 0x00, 0x00, 0x00, 0x00,
    0x00, 0x00, 0x00, 0x00, 0x00, 0x00, 0x00, 0x00, 0x00, 0x00, 0x00, 0x00, 0x00, 0x00, 0x00, 0x00,
    0x00, 0x00, 0x00, 0x00, 0x00, 0x00, 0x00, 0x00, 0x00, 0x00, 0x00, 0x00, 0x00, 0x00, 0x00, 0x00,
    0x00, 0x00, 0x00, 0x00, 0x00, 0x00, 0x00, 0x00, 0x00, 0x00, 0x00, 0x00, 0x00, 0x00, 0x00, 0x00,
    0x00, 0x00, 0x00, 0x00, 0x00, 0x00, 0x00, 0x00, 0x00, 0x00, 0x00, 0x00, 0x00, 0x00, 0x00, 0x00,
    0x00, 0x00, 0x00, 0x00, 0x00, 0x00, 0x00, 0x00, 0x00, 0x00, 0x00, 0x00, 0x00, 0x00, 0x00, 0x00,
    0x00, 0x00, 0x00, 0x00, 0x00, 0x00, 0x00, 0x00, 0x00, 0x00, 0x00, 0x00, 0x00, 0x00, 0x00, 0x00,
    0x00, 0x00, 0x00, 0x00, 0x00, 0xe8, 0x1b, 0x00, 0x40, 0x5b, 0xe5, 0x00, 0xc0, 0x01, 0x80, 0x03,
    0xa0, 0x00, 0x00, 0x07, 0x70, 0xf8, 0x0b, 0x09, 0x30, 0x7c, 0x2d, 0x0d, 0x34, 0x3c, 0x3c, 0x0d,
    0x34, 0x3c, 0x2d, 0x0d, 0x34, 0xfc, 0x1f, 0x0d, 0x34, 0x7c, 0x0b, 0x0d, 0x30, 0x3c, 0x0e, 0x0d,
    0x70, 0x3c, 0x2d, 0x09, 0xa0, 0x28, 0x28, 0x0a, 0xd0, 0x01, 0x40, 0x03, 0x40, 0x1b, 0xe4, 0x01,
    0x00, 0xf9, 0x2f, 0x00, 0x00, 0x00, 0x00, 0x00, 0x00, 0x00, 0x00, 0x00, 0x00, 0x00, 0x00, 0x00,
    0x00, 0x00, 0x00, 0x00, 0x00, 0x00, 0x00, 0x00, 0x00, 0x00, 0x00, 0x00, 0x00, 0x00, 0x00, 0x00,
    0x00, 0x00, 0x00, 0x00, 0x00, 0x00, 0x00, 0x00, 0x00, 0x00, 0x00, 0x00, 0x00, 0x00, 0x00, 0x00,
    0x00, 0x00, 0x00, 0x00, 0x00, 0x00, 0x00, 0x00, 0x00, 0x00, 0x00, 0x00, 0x00, 0x00, 0x00, 0x00,
    0x00, 0xaa, 0xaa, 0x00, 0x00, 0xff, 0xff, 0x00, 0x00, 0xff, 0xff, 0x00, 0x00, 0x00, 0x00, 0x00,
    0x00, 0x00, 0x00, 0x00, 0x00, 0x00, 0x00, 0x00, 0x00, 0x00, 0x00, 0x00, 0x00, 0x00, 0x00, 0x00,
    0x00, 0x00, 0x00, 0x00, 0x00, 0x00, 0x00, 0x00, 0x00, 0x00, 0x00, 0x00, 0x00, 0x00, 0x00, 0x00,
    0x00, 0x00, 0x00, 0x00, 0x00, 0x00, 0x00, 0x00, 0x00, 0x00, 0x00, 0x00, 0x00, 0x00, 0x00, 0x00,
    0x00, 0x00, 0x00, 0x00, 0x00, 0x00, 0x00, 0x00, 0x00, 0x00, 0x00, 0x00, 0x00, 0x00, 0x00, 0x00,
    0x00, 0x00, 0x00, 0x00, 0x00, 0x00, 0x00, 0x00, 0x00, 0x00, 0x00, 0x00, 0x00, 0x00, 0x00, 0x00,
    0x00, 0x00, 0x00, 0x00, 0x00, 0x00, 0x00, 0x00, 0x00, 0x00, 0x00, 0x00, 0x00, 0x00, 0x00, 0x00,
    0x00, 0x00, 0x00, 0x00, 0x00, 0x00, 0x00, 0x00, 0x00, 0x00, 0x00, 0x00, 0x00, 0x00, 0x00, 0x00,
    0x00, 0x00, 0x00, 0x00, 0x00, 0x90, 0x1b, 0x00, 0x00, 0xb4, 0x79, 0x00, 0x00, 0x38, 0xb0, 0x00,
    0x00, 0x3c, 0xf0, 0x00, 0x00, 0x3c, 0xf0, 0x00, 0x00, 0xb4, 0x78, 0x00, 0x00, 0xe0, 0x2f, 0x00,
    0x00, 0x00, 0x00, 0x00, 0x00, 0x00, 0x00, 0x00, 0x00, 0x00, 0x00, 0x00, 0x00, 0x00, 0x00, 0x00,
    0x00, 0x00, 0x00, 0x00, 0x00, 0x00, 0x00, 0x00, 0x00, 0x00, 0x00, 0x00, 0x00, 0x00, 0x00, 0x00,
    0x00, 0x00, 0x00, 0x00, 0x00, 0x00, 0x00, 0x00, 0x00, 0x00, 0x00, 0x00, 0x00, 0x00, 0x00, 0x00,
    0x00, 0x00, 0x00, 0x00, 0x00, 0x00, 0x00, 0x00, 0x00, 0x00, 0x00, 0x00, 0x00, 0x00, 0x00, 0x00,
    0x00, 0x00, 0x00, 0x00, 0x00, 0x00, 0x00, 0x00, 0x00, 0x00, 0x00, 0x00, 0x00, 0x00, 0x00, 0x00,
    0x00, 0x00, 0x00, 0x00, 0x00, 0x00, 0x00, 0x00, 0x00, 0x00, 0x00, 0x00, 0x00, 0x00, 0x00, 0x00,
    0x00, 0x00, 0x00, 0x00, 0x00, 0x00, 0x00, 0x00, 0x00, 0x00, 0x00, 0x00, 0x00, 0x00, 0x00, 0x00,
    0x00, 0x00, 0x00, 0x00, 0x00, 0x40, 0x0a, 0x00, 0x00, 0xc0, 0x0f, 0x00, 0x00, 0xc0, 0x0f, 0x00,
    0x00, 0xc0, 0x0f, 0x00, 0x00, 0xc0, 0x0f, 0x00, 0x80, 0xea, 0xaf, 0x0a, 0xc0, 0xff, 0xff, 0x0f,
    0xc0, 0xff, 0xff, 0x0f, 0x00, 0xc0, 0x0f, 0x00, 0x00, 0xc0, 0x0f, 0x00, 0x00, 0xc0, 0x0f, 0x00,
    0x00, 0xc0, 0x0f, 0x00, 0x40, 0xd5, 0x5f, 0x05, 0xc0, 0xff, 0xff, 0x0f, 0xc0, 0xff, 0xff, 0x0f,
    0x00, 0x00, 0x00, 0x00, 0x00, 0x00, 0x00, 0x00, 0x00, 0x00, 0x00, 0x00, 0x00, 0x00, 0x00, 0x00,
    0x00, 0x00, 0x00, 0x00, 0x00, 0x00, 0x00, 0x00, 0x00, 0x00, 0x00, 0x00, 0x00, 0x00, 0x00, 0x00,
    0x00, 0x00, 0x00, 0x00, 0x00, 0x00, 0x00, 0x00, 0x00, 0x00, 0x00, 0x00, 0x00, 0x00, 0x00, 0x00,
    0x00, 0xd0, 0x1f, 0x00, 0x00, 0xf4, 0x7e, 0x00, 0x00, 0x7c, 0xf4, 0x00, 0x00, 0x14, 0xf0, 0x00,
    0x00, 0x00, 0xb4, 0x00, 0x00, 0x00, 0x3e, 0x00, 0x00, 0x90, 0x0b, 0x00, 0x00, 0xf8, 0x01, 0x00,
    0x00, 0xfc, 0xaa, 0x00, 0x00, 0xfc, 0xff, 0x00, 0x00, 0x00, 0x00, 0x00, 0x00, 0x00, 0x00, 0x00,
    0x00, 0x00, 0x00, 0x00, 0x00, 0x00, 0x00, 0x00, 0x00, 0x00, 0x00, 0x00, 0x00, 0x00, 0x00, 0x00,
    0x00, 0x00, 0x00, 0x00, 0x00, 0x00, 0x00, 0x00, 0x00, 0x00, 0x00, 0x00, 0x00, 0x00, 0x00, 0x00,
    0x00, 0x00, 0x00, 0x00, 0x00, 0x00, 0x00, 0x00, 0x00, 0x00, 0x00, 0x00, 0x00, 0x00, 0x00, 0x00,
    0x00, 0x00, 0x00, 0x00, 0x00, 0x00, 0x00, 0x00, 0x00, 0x00, 0x00, 0x00, 0x00, 0x00, 0x00, 0x00,
    0x00, 0x00, 0x00, 0x00, 0x00, 0x00, 0x00, 0x00, 0x00, 0x00, 0x00, 0x00, 0x00, 0x00, 0x00, 0x00,
    0x00, 0xfc, 0x3f, 0x00, 0x00, 0xa8, 0x3f, 0x00, 0x00, 0x40, 0x1f, 0x00, 0x00, 0xc0, 0x07, 0x00,
    0x00, 0xc0, 0x1f, 0x00, 0x00, 0x00, 0x3d, 0x00, 0x00, 0x05, 0x3c, 0x00, 0x00, 0x1f, 0x2d, 0x00,
    0x00, 0xbd, 0x1f, 0x00, 0x00, 0xf4, 0x07, 0x00, 0x00, 0x00, 0x00, 0x00, 0x00, 0x00, 0x00, 0x00,
    0x00, 0x00, 0x00, 0x00, 0x00, 0x00, 0x00, 0x00, 0x00, 0x00, 0x00, 0x00, 0x00, 0x00, 0x00, 0x00,
    0x00, 0x00, 0x00, 0x00, 0x00, 0x00, 0x00, 0x00, 0x00, 0x00, 0x00, 0x00, 0x00, 0x00, 0x00, 0x00,
    0x00, 0x00, 0x00, 0x00, 0x00, 0x00, 0x00, 0x00, 0x00, 0x00, 0x00, 0x00, 0x00, 0x00, 0x00, 0x00,
    0x00, 0x00, 0x00, 0x00, 0x00, 0x00, 0x00, 0x00, 0x00, 0x00, 0x00, 0x00, 0x00, 0x00, 0x00, 0x00,
    0x00, 0x00, 0x00, 0x00, 0x00, 0x00, 0x00, 0x00, 0x00, 0x00, 0x00, 0x00, 0x00, 0x00, 0x00, 0x00,
    0x00, 0x00, 0x3f, 0x00, 0x00, 0x80, 0x1f, 0x00, 0x00, 0xd0, 0x0b, 0x00, 0x00, 0xf0, 0x03, 0x00,
    0x00, 0x00, 0x00, 0x00, 0x00, 0x00, 0x00, 0x00, 0x00, 0x00, 0x00, 0x00, 0x00, 0x00, 0x00, 0x00,
    0x00, 0x00, 0x00, 0x00, 0x00, 0x00, 0x00, 0x00, 0x00, 0x00, 0x00, 0x00, 0x00, 0x00, 0x00, 0x00,
    0x00, 0x00, 0x00, 0x00, 0x00, 0x00, 0x00, 0x00, 0x00, 0x00, 0x00, 0x00, 0x00, 0x00, 0x00, 0x00,
    0x00, 0x00, 0x00, 0x00, 0x00, 0x00, 0x00, 0x00, 0x00, 0x00, 0x00, 0x00, 0x00, 0x00, 0x00, 0x00,
    0x00, 0x00, 0x00, 0x00, 0x00, 0x00, 0x00, 0x00, 0x00, 0x00, 0x00, 0x00, 0x00, 0x00, 0x00, 0x00,
    0x00, 0x00, 0x00, 0x00, 0x00, 0x00, 0x00, 0x00, 0x00, 0x00, 0x00, 0x00, 0x00, 0x00, 0x00, 0x00,
    0x00, 0x00, 0x00, 0x00, 0x00, 0x00, 0x00, 0x00, 0x00, 0x00, 0x00, 0x00, 0x00, 0x00, 0x00, 0x00,
    0x00, 0x00, 0x00, 0x00, 0x00, 0x00, 0x00, 0x00, 0x00, 0x00, 0x00, 0x00, 0x00, 0x00, 0x00, 0x00,
    0x00, 0x00, 0x00, 0x00, 0x00, 0x00, 0x00, 0x00, 0xc0, 0x0f, 0xc0, 0x0f, 0xc0, 0x0f, 0xc0, 0x0f,
    0xc0, 0x0f, 0xc0, 0x0f, 0xc0, 0x0f, 0xc0, 0x0f, 0xc0, 0x0f, 0xc0, 0x0f, 0xc0, 0x0f, 0xc0, 0x0f,
    0xc0, 0x0f, 0xc0, 0x0f, 0xc0, 0x0f, 0xc0, 0x0f, 0xc0, 0x0f, 0xc0, 0x0f, 0xc0, 0x0f, 0xc0, 0x0f,
    0xc0, 0x1f, 0xe0, 0x0b, 0xc0, 0xbf, 0xfa, 0x07, 0xc0, 0xfb, 0xff, 0x02, 0xc0, 0xd7, 0x6f, 0x00,
    0xc0, 0x07, 0x00, 0x00, 0xc0, 0x0b, 0x00, 0x00, 0xc0, 0x0b, 0x00, 0x00, 0xc0, 0x0b, 0x00, 0x00,
    0x00, 0x00, 0x00, 0x00, 0x00, 0x00, 0x00, 0x00, 0x00, 0x00, 0x00, 0x00, 0x00, 0x00, 0x00, 0x00,
    0x00, 0x00, 0x00, 0x00, 0x00, 0x00, 0x00, 0x00, 0x00, 0x00, 0x00, 0x00, 0x00, 0x00, 0x00, 0x00,
    0x00, 0x00, 0x00, 0x00, 0x00, 0x00, 0x00, 0x00, 0x00, 0xf9, 0xcf, 0x0f, 0x80, 0xff, 0xcf, 0x0f,
    0xd0, 0xff, 0xcf, 0x0f, 0xd0, 0xff, 0xcf, 0x0f, 0xd0, 0xff, 0xcf, 0x0f, 0xd0, 0xff, 0xcf, 0x0f,
    0xd0, 0xff, 0xcf, 0x0f, 0xd0, 0xff, 0xcf, 0x0f, 0x80, 0xff, 0xcf, 0x0f, 0x00, 0xf9, 0xcf, 0x0f,
    0x00, 0xc0, 0xcf, 0x0f, 0x00, 0xc0, 0xcf, 0x0f, 0x00, 0xc0, 0xcf, 0x0f, 0x00, 0xc0, 0xcf, 0x0f,
    0x00, 0xc0, 0xcf, 0x0f, 0x00, 0xc0, 0xcf, 0x0f, 0x00, 0xc0, 0xcf, 0x0f, 0x00, 0xc0, 0xcf, 0x0f,
    0x00, 0xc0, 0xcf, 0x0f, 0x00, 0xc0, 0xcf, 0x0f, 0x00, 0xc0, 0xcf, 0x0f, 0x00, 0xc0, 0xcf, 0x0f,
    0x00, 0x00, 0x00, 0x00, 0x00, 0x00, 0x00, 0x00, 0x00, 0x00, 0x00, 0x00, 0x00, 0x00, 0x00, 0x00,
    0x00, 0x00, 0x00, 0x00, 0x00, 0x00, 0x00, 0x00, 0x00, 0x00, 0x00, 0x00, 0x00, 0x00, 0x00, 0x00,
    0x00, 0x00, 0x00, 0x00, 0x00, 0x00, 0x00, 0x00, 0x00, 0x00, 0x00, 0x00, 0x00, 0x00, 0x00, 0x00,
    0x00, 0x00, 0x00, 0x00, 0x00, 0x00, 0x00, 0x00, 0x00, 0x00, 0x00, 0x00, 0x00, 0x00, 0x00, 0x00,
    0x00, 0x00, 0x00, 0x00, 0x00, 0xd0, 0x07, 0x00, 0x00, 0xe0, 0x0b, 0x00, 0x00, 0xf0, 0x0f, 0x00,
    0x00, 0xe0, 0x0b, 0x00, 0x00, 0xd0, 0x07, 0x00, 0x00, 0x00, 0x00, 0x00, 0x00, 0x00, 0x00, 0x00,
    0x00, 0x00, 0x00, 0x00, 0x00, 0x00, 0x00, 0x00, 0x00, 0x00, 0x00, 0x00, 0x00, 0x00, 0x00, 0x00,
    0x00, 0x00, 0x00, 0x00, 0x00, 0x00, 0x00, 0x00, 0x00, 0x00, 0x00, 0x00, 0x00, 0x00, 0x00, 0x00,
    0x00, 0x00, 0x00, 0x00, 0x00, 0x00, 0x00, 0x00, 0x00, 0x00, 0x00, 0x00, 0x00, 0x00, 0x00, 0x00,
    0x00, 0x00, 0x00, 0x00, 0x00, 0x00, 0x00, 0x00, 0x00, 0x00, 0x00, 0x00, 0x00, 0x00, 0x00, 0x00,
    0x00, 0x00, 0x00, 0x00, 0x00, 0x00, 0x00, 0x00, 0x00, 0x00, 0x00, 0x00, 0x00, 0x00, 0x00, 0x00,
    0x00, 0x00, 0x00, 0x00, 0x00, 0x00, 0x00, 0x00, 0x00, 0x00, 0x00, 0x00, 0x00, 0x00, 0x00, 0x00,
    0x00, 0x00, 0x00, 0x00, 0x00, 0x00, 0x00, 0x00, 0x00, 0x00, 0x00, 0x00, 0x00, 0x00, 0x00, 0x00,
    0x00, 0x00, 0x00, 0x00, 0x00, 0x00, 0x00, 0x00, 0x00, 0x00, 0x00, 0x00, 0x00, 0x00, 0x00, 0x00,
    0x00, 0x00, 0x00, 0x00, 0x00, 0x00, 0x00, 0x00, 0x00, 0x00, 0x00, 0x00, 0x00, 0xc0, 0x02, 0x00,
    0x00, 0xd0, 0x02, 0x00, 0x00, 0x90, 0x2f, 0x00, 0x00, 0x00, 0xbd, 0x00, 0x00, 0xf0, 0xbf, 0x00,
    0x00, 0xf0, 0x2f, 0x00, 0x00, 0x00, 0x00, 0x00, 0x00, 0x00, 0x00, 0x00, 0x00, 0x00, 0x00, 0x00,
    0x00, 0x00, 0x00, 0x00, 0x00, 0x00, 0x00, 0x00, 0x00, 0x00, 0x00, 0x00, 0x00, 0x00, 0x00, 0x00,
    0x00, 0xd0, 0x0f, 0x00, 0x00, 0xf8, 0x0f, 0x00, 0x00, 0x2c, 0x0f, 0x00, 0x00, 0x04, 0x0f, 0x00,
    0x00, 0x00, 0x0f, 0x00, 0x00, 0x00, 0x0f, 0x00, 0x00, 0x00, 0x0f, 0x00, 0x00, 0x00, 0x0f, 0x00,
    0x00, 0xa8, 0xaf, 0x02, 0x00, 0xfc, 0xff, 0x03, 0x00, 0x00, 0x00, 0x00, 0x00, 0x00, 0x00, 0x00,
    0x00, 0x00, 0x00, 0x00, 0x00, 0x00, 0x00, 0x00, 0x00, 0x00, 0x00, 0x00, 0x00, 0x00, 0x00, 0x00,
    0x00, 0x00, 0x00, 0x00, 0x00, 0x00, 0x00, 0x00, 0x00, 0x00, 0x00, 0x00, 0x00, 0x00, 0x00, 0x00,
    0x00, 0x00, 0x00, 0x00, 0x00, 0x00, 0x00, 0x00, 0x00, 0x00, 0x00, 0x00, 0x00, 0x00, 0x00, 0x00,
    0x00, 0x00, 0x00, 0x00, 0x00, 0x00, 0x00, 0x00, 0x00, 0x00, 0x00, 0x00, 0x00, 0x00, 0x00, 0x00,
    0x00, 0x00, 0x00, 0x00, 0x00, 0x00, 0x00, 0x00, 0x00, 0x00, 0x00, 0x00, 0x00, 0x00, 0x00, 0x00,
    0x00, 0x00, 0x00, 0x00, 0x00, 0x00, 0x00, 0x00, 0x00, 0xe0, 0x0b, 0x00, 0x00, 0xf8, 0x2f, 0x00,
    0x00, 0x3c, 0x3c, 0x00, 0x00, 0x3c, 0x3c, 0x00, 0x00, 0x3c, 0x3c, 0x00, 0x00, 0xf8, 0x2f, 0x00,
    0x00, 0xe0, 0x0b, 0x00, 0x00, 0x00, 0x00, 0x00, 0x00, 0x00, 0x00, 0x00, 0x00, 0x00, 0x00, 0x00,
    0x00, 0x00, 0x00, 0x00, 0x00, 0x00, 0x00, 0x00, 0x00, 0x00, 0x00, 0x00, 0x00, 0x00, 0x00, 0x00,
    0x00, 0x00, 0x00, 0x00, 0x00, 0x00, 0x00, 0x00, 0x00, 0x00, 0x00, 0x00, 0x00, 0x00, 0x00, 0x00,
    0x00, 0x00, 0x00, 0x00, 0x00, 0x00, 0x00, 0x00, 0x00, 0x00, 0x00, 0x00, 0x00, 0x00, 0x00, 0x00,
    0x00, 0x00, 0x00, 0x00, 0x00, 0x00, 0x00, 0x00, 0x00, 0x00, 0x00, 0x00, 0x00, 0x00, 0x00, 0x00,
    0x00, 0x00, 0x00, 0x00, 0x00, 0x00, 0x00, 0x00, 0x00, 0x00, 0x00, 0x00, 0x00, 0x00, 0x00, 0x00,
    0x00, 0x00, 0x00, 0x00, 0x00, 0x00, 0x00, 0x00, 0x00, 0x00, 0x00, 0x00, 0x00, 0x00, 0x00, 0x00,
    0x00, 0x00, 0x00, 0x00, 0x00, 0x00, 0x00, 0x00, 0x00, 0x00, 0x00, 0x00, 0xf0, 0x43, 0x2f, 0x00,
    0xd0, 0x0b, 0xbe, 0x00, 0x80, 0x2f, 0xf8, 0x01, 0x00, 0x7f, 0xf0, 0x03, 0x00, 0xfd, 0xd0, 0x0b,
    0x00, 0xf4, 0x82, 0x2f, 0x00, 0xf4, 0x82, 0x2f, 0x00, 0xfd, 0xd0, 0x0b, 0x00, 0x7f, 0xf0, 0x03,
    0x80, 0x1f, 0xf8, 0x01, 0xd0, 0x0b, 0xbe, 0x00, 0xf0, 0x43, 0x2f, 0x00, 0x00, 0x00, 0x00, 0x00,
    0x00, 0x00, 0x00, 0x00, 0x00, 0x00, 0x00, 0x00, 0x00, 0x00, 0x00, 0x00, 0x00, 0x00, 0x00, 0x00,
    0x00, 0x00, 0x00, 0x00, 0x00, 0x00, 0x00, 0x00, 0x00, 0x00, 0x00, 0x00, 0x00, 0x00, 0x00, 0x00,
    0x00, 0x00, 0x00, 0x00, 0x00, 0x00, 0x00, 0x00, 0x00, 0x00, 0x00, 0x00, 0x00, 0x00, 0x00, 0x00,
    0x00, 0x00, 0x00, 0x00, 0x00, 0x00, 0x00, 0x00, 0x40, 0x3f, 0x80, 0x03, 0xd0, 0x3e, 0xc0, 0x02,
    0xa0, 0x3c, 0xe0, 0x01, 0x00, 0x3c, 0xb0, 0x00, 0x00, 0x3c, 0x74, 0x00, 0x00, 0x3c, 0x3c, 0x00,
    0xa0, 0xbe, 0x1f, 0x00, 0xf0, 0xff, 0x0f, 0x00, 0x00, 0x40, 0x07, 0x00, 0x00, 0x80, 0x03, 0x00,
    0x00, 0xd0, 0xd2, 0x02, 0x00, 0xe0, 0xf0, 0x00, 0x00, 0xb4, 0x78, 0x00, 0x00, 0x38, 0x2d, 0x0f,
    0x00, 0x2d, 0x0e, 0x0f, 0x00, 0x1e, 0xff, 0x0f, 0x00, 0x0b, 0xa9, 0x0f, 0x80, 0x07, 0x00, 0x0f,
    0x00, 0x00, 0x00, 0x00, 0x00, 0x00, 0x00, 0x00, 0x00, 0x00, 0x00, 0x00, 0x00, 0x00, 0x00, 0x00,
    0x00, 0x00, 0x00, 0x00, 0x00, 0x00, 0x00, 0x00, 0x00, 0x00, 0x00, 0x00, 0x00, 0x00, 0x00, 0x00,
    0x00, 0x00, 0x00, 0x00, 0x00, 0x00, 0x00, 0x00, 0x00, 0x00, 0x00, 0x00, 0x00, 0x00, 0x00, 0x00,
    0x00, 0x00, 0x00, 0x00, 0x00, 0x19, 0x00, 0x06, 0x80, 0x3f, 0x40, 0x07, 0xe0, 0x3d, 0xc0, 0x02,
    0x60, 0x3c, 0xd0, 0x01, 0x00, 0x3c, 0xf0, 0x00, 0x00, 0x3c, 0x74, 0x00, 0x00, 0x3c, 0x3c, 0x00,
    0xa0, 0xbe, 0x1f, 0x00, 0xf0, 0xff, 0x0f, 0x00, 0x00, 0x40, 0x07, 0x00, 0x00, 0x80, 0x03, 0x00,
    0x00, 0xd0, 0xe2, 0x0b, 0x00, 0xe0, 0xf8, 0x2f, 0x00, 0xb4, 0x2c, 0x3c, 0x00, 0x38, 0x00, 0x2c,
    0x00, 0x2c, 0x40, 0x0b, 0x00, 0x1e, 0xb8, 0x01, 0x00, 0x0b, 0xbd, 0x3e, 0x80, 0x07, 0xfd, 0x3f,
    0x00, 0x00, 0x00, 0x00, 0x00, 0x00, 0x00, 0x00, 0x00, 0x00, 0x00, 0x00, 0x00, 0x00, 0x00, 0x00,
    0x00, 0x00, 0x00, 0x00, 0x00, 0x00, 0x00, 0x00, 0x00, 0x00, 0x00, 0x00, 0x00, 0x00, 0x00, 0x00,
    0x00, 0x00, 0x00, 0x00, 0x00, 0x00, 0x00, 0x00, 0x00, 0x00, 0x00, 0x00, 0x00, 0x00, 0x00, 0x00,
    0x00, 0x00, 0x00, 0x00, 0x00, 0x00, 0x00, 0x00, 0xf0, 0x3f, 0x80, 0x03, 0x50, 0x29, 0xc0, 0x02,
    0x00, 0x0b, 0xe0, 0x01, 0x00, 0x3f, 0xb0, 0x00, 0x00, 0xb4, 0x78, 0x00, 0x64, 0xb0, 0x2c, 0x00,
    0xf4, 0xba, 0x1e, 0x00, 0x90, 0x2f, 0x0b, 0x00, 0x00, 0x40, 0x07, 0x00, 0x00, 0xc0, 0x02, 0x00,
    0x00, 0xd0, 0xd1, 0x02, 0x00, 0xb0, 0xf0, 0x00, 0x00, 0x74, 0x78, 0x00, 0x00, 0x2c, 0x2d, 0x0f,
    0x00, 0x1d, 0x0e, 0x0f, 0x00, 0x0b, 0xff, 0x0f, 0x40, 0x07, 0xa9, 0x0f, 0xc0, 0x02, 0x00, 0x0f,
    0x00, 0x00, 0x00, 0x00, 0x00, 0x00, 0x00, 0x00, 0x00, 0x00, 0x00, 0x00, 0x00, 0x00, 0x00, 0x00,
    0x00, 0x00, 0x00, 0x00, 0x00, 0x00, 0x00, 0x00, 0x00, 0x00, 0x00, 0x00, 0x00, 0x00, 0x00, 0x00,
    0x00, 0x00, 0x00, 0x00, 0x00, 0x00, 0x00, 0x00, 0x00, 0x00, 0x00, 0x00, 0x00, 0x00, 0x00, 0x00,
    0x00, 0x00, 0x00, 0x00, 0x00, 0x00, 0x00, 0x00, 0x00, 0x00, 0x00, 0x00, 0x00, 0x00, 0x00, 0x00,
    0x00, 0x00, 0x00, 0x00, 0x00, 0x00, 0x00, 0x00, 0x00, 0x80, 0x2f, 0x00, 0x00, 0xc0, 0x3f, 0x00,
    0x00, 0x40, 0x1a, 0x00, 0x00, 0x00, 0x00, 0x00, 0x00, 0x00, 0x00, 0x00, 0x00, 0x00, 0x2a, 0x00,
    0x00, 0x00, 0x3f, 0x00, 0x00, 0x00, 0x3f, 0x00, 0x00, 0xe4, 0x3f, 0x00, 0x00, 0xfe, 0x3f, 0x00,
    0x40, 0xff, 0x2a, 0x00, 0x80, 0x2f, 0x00, 0x00, 0xc0, 0x0f, 0x00, 0x00, 0xc0, 0x0f, 0x00, 0x00,
    0x80, 0x2f, 0x00, 0x00, 0x40, 0xff, 0xaa, 0x00, 0x00, 0xfd, 0xff, 0x00, 0x00, 0xe4, 0xff, 0x00,
    0x00, 0x00, 0x00, 0x00, 0x00, 0x00, 0x00, 0x00, 0x00, 0x00, 0x00, 0x00, 0x00, 0x00, 0x00, 0x00,
    0x00, 0xbd, 0x00, 0x00, 0x00, 0xf8, 0x01, 0x00, 0x00, 0xf0, 0x03, 0x00, 0x00, 0xd0, 0x0b, 0x00,
    0x00, 0x00, 0x00, 0x00, 0x00, 0x00, 0x00, 0x00, 0x00, 0xe0, 0x1f, 0x00, 0x00, 0xf0, 0x1f, 0x00,
    0x00, 0xf4, 0x2f, 0x00, 0x00, 0xf8, 0x3e, 0x00, 0x00, 0xb8, 0x7d, 0x00, 0x00, 0xbc, 0x7d, 0x00,
    0x00, 0x7d, 0xbc, 0x00, 0x00, 0x3e, 0xf8, 0x00, 0x00, 0x3e, 0xf8, 0x01, 0x00, 0x2f, 0xf4, 0x01,
    0x40, 0x1f, 0xf0, 0x02, 0x80, 0xff, 0xff, 0x03, 0x80, 0xff, 0xff, 0x03, 0xc0, 0x5f, 0xe5, 0x07,
    0xd0, 0x0b, 0xd0, 0x0b, 0xd0, 0x07, 0xc0, 0x0f, 0xe0, 0x07, 0x80, 0x0f, 0xf0, 0x03, 0x80, 0x1f,
    0x00, 0x00, 0x00, 0x00, 0x00, 0x00, 0x00, 0x00, 0x00, 0x00, 0x00, 0x00, 0x00, 0x00, 0x00, 0x00,
    0x00, 0x00, 0x00, 0x00, 0x00, 0x00, 0x00, 0x00, 0x00, 0x00, 0x00, 0x00, 0x00, 0x00, 0x00, 0x00,
    0x00, 0x00, 0xbd, 0x00, 0x00, 0x00, 0x3f, 0x00, 0x00, 0x80, 0x1f, 0x00, 0x00, 0xd0, 0x0b, 0x00,
    0x00, 0x00, 0x00, 0x00, 0x00, 0x00, 0x00, 0x00, 0x00, 0xe0, 0x1f, 0x00, 0x00, 0xf0, 0x1f, 0x00,
    0x00, 0xf4, 0x2f, 0x00, 0x00, 0xf8, 0x3e, 0x00, 0x00, 0xb8, 0x7d, 0x00, 0x00, 0xbc, 0x7d, 0x00,
    0x00, 0x7d, 0xbc, 0x00, 0x00, 0x3e, 0xf8, 0x00, 0x00, 0x3e, 0xf8, 0x01, 0x00, 0x2f, 0xf4, 0x01,
    0x40, 0x1f, 0xf0, 0x02, 0x80, 0xff, 0xff, 0x03, 0x80, 0xff, 0xff, 0x03, 0xc0, 0x5f, 0xe5, 0x07,
    0xd0, 0x0b, 0xd0, 0x0b, 0xd0, 0x07, 0xc0, 0x0f, 0xe0, 0x07, 0x80, 0x0f, 0xf0, 0x03, 0x80, 0x1f,
    0x00, 0x00, 0x00, 0x00, 0x00, 0x00, 0x00, 0x00, 0x00, 0x00, 0x00, 0x00, 0x00, 0x00, 0x00, 0x00,
    0x00, 0x00, 0x00, 0x00, 0x00, 0x00, 0x00, 0x00, 0x00, 0x00, 0x00, 0x00, 0x00, 0x00, 0x00, 0x00,
    0x00, 0xe0, 0x0f, 0x00, 0x00, 0xf8, 0x3f, 0x00, 0x00, 0x7d, 0xbc, 0x00, 0x00, 0x19, 0x90, 0x01,
    0x00, 0x00, 0x00, 0x00, 0x00, 0x00, 0x00, 0x00, 0x00, 0xe0, 0x1f, 0x00, 0x00, 0xf0, 0x1f, 0x00,
    0x00, 0xf4, 0x2f, 0x00, 0x00, 0xf8, 0x3e, 0x00, 0x00, 0xb8, 0x7d, 0x00, 0x00, 0xbc, 0x7d, 0x00,
    0x00, 0x7d, 0xbc, 0x00, 0x00, 0x3e, 0xf8, 0x00, 0x00, 0x3e, 0xf8, 0x01, 0x00, 0x2f, 0xf4, 0x01,
    0x40, 0x1f, 0xf0, 0x02, 0x80, 0xff, 0xff, 0x03, 0x80, 0xff, 0xff, 0x03, 0xc0, 0x5f, 0xe5, 0x07,
    0xd0, 0x0b, 0xd0, 0x0b, 0xd0, 0x07, 0xc0, 0x0f, 0xe0, 0x07, 0x80, 0x0f, 0xf0, 0x03, 0x80, 0x1f,
    0x00, 0x00, 0x00, 0x00, 0x00, 0x00, 0x00, 0x00, 0x00, 0x00, 0x00, 0x00, 0x00, 0x00, 0x00, 0x00,
    0x00, 0x00, 0x00, 0x00, 0x00, 0x00, 0x00, 0x00, 0x00, 0x00, 0x00, 0x00, 0x00, 0x00, 0x00, 0x00,
    0x00, 0x64, 0x90, 0x00, 0x00, 0xfe, 0xf2, 0x00, 0x00, 0xdf, 0xbf, 0x00, 0x00, 0x0b, 0x2e, 0x00,
    0x00, 0x00, 0x00, 0x00, 0x00, 0x00, 0x00, 0x00, 0x00, 0xf0, 0x0f, 0x00, 0x00, 0xf0, 0x0f, 0x00,
    0x00, 0xf4, 0x1f, 0x00, 0x00, 0xb8, 0x2f, 0x00, 0x00, 0xbc, 0x3e, 0x00, 0x00, 0x7c, 0x3d, 0x00,
    0x00, 0x7d, 0x7d, 0x00, 0x00, 0x3e, 0xbc, 0x00, 0x00, 0x2f, 0xf8, 0x00, 0x00, 0x2f, 0xf8, 0x00,
    0x40, 0x1f, 0xf4, 0x01, 0x80, 0xff, 0xff, 0x02, 0xc0, 0xff, 0xff, 0x03, 0xc0, 0x5f, 0xf5, 0x03,
    0xd0, 0x0b, 0xe0, 0x07, 0xe0, 0x07, 0xd0, 0x0b, 0xf0, 0x03, 0xc0, 0x0f, 0xf0, 0x03, 0xc0, 0x0f,
    0x00, 0x00, 0x00, 0x00, 0x00, 0x00, 0x00, 0x00, 0x00, 0x00, 0x00, 0x00, 0x00, 0x00, 0x00, 0x00,
    0x00, 0x00, 0x00, 0x00, 0x00, 0x00, 0x00, 0x00, 0x00, 0x00, 0x00, 0x00, 0x00, 0x00, 0x00, 0x00,
    0x00, 0x1d, 0xd0, 0x01, 0x00, 0x3f, 0xf0, 0x03, 0x00, 0x3f, 0xf0, 0x03, 0x00, 0x1d, 0xd0, 0x01,
    0x00, 0x00, 0x00, 0x00, 0x00, 0x00, 0x00, 0x00, 0x00, 0xf0, 0x2f, 0x00, 0x00, 0xf0, 0x3f, 0x00,
    0x00, 0xf4, 0x7f, 0x00, 0x00, 0xf8, 0x7e, 0x00, 0x00, 0xf8, 0xbc, 0x00, 0x00, 0xbc, 0xfc, 0x00,
    0x00, 0x7d, 0xf8, 0x00, 0x00, 0x7d, 0xf4, 0x01, 0x00, 0x3e, 0xf0, 0x02, 0x00, 0x2f, 0xe0, 0x02,
    0x00, 0x1f, 0xd0, 0x03, 0x40, 0xff, 0xff, 0x07, 0x80, 0xff, 0xff, 0x07, 0x80, 0x5f, 0xd5, 0x0b,
    0xc0, 0x0b, 0x80, 0x0f, 0xd0, 0x07, 0x80, 0x0f, 0xd0, 0x07, 0x40, 0x1f, 0xe0, 0x03, 0x40, 0x2f,
    0x00, 0x00, 0x00, 0x00, 0x00, 0x00, 0x00, 0x00, 0x00, 0x00, 0x00, 0x00, 0x00, 0x00, 0x00, 0x00,
    0x00, 0x00, 0x00, 0x00, 0x00, 0x00, 0x00, 0x00, 0x00, 0x00, 0x00, 0x00, 0x00, 0x00, 0x00, 0x00,
    0x00, 0xf8, 0x2f, 0x00, 0x00, 0x3c, 0x3c, 0x00, 0x00, 0x3c, 0x3c, 0x00, 0x00, 0xf8, 0x2f, 0x00,
    0x00, 0xe0, 0x0b, 0x00, 0x00, 0x00, 0x00, 0x00, 0x00, 0xe0, 0x0b, 0x00, 0x00, 0xf0, 0x0f, 0x00,
    0x00, 0xf4, 0x1f, 0x00, 0x00, 0xf8, 0x2f, 0x00, 0x00, 0xb8, 0x2e, 0x00, 0x00, 0x7c, 0x3d, 0x00,
    0x00, 0x7d, 0x7d, 0x00, 0x00, 0x3e, 0xbc, 0x00, 0x00, 0x3e, 0xbc, 0x00, 0x00, 0x2f, 0xf8, 0x00,
    0x40, 0x1f, 0xf8, 0x01, 0x80, 0xff, 0xff, 0x02, 0x80, 0xff, 0xff, 0x02, 0xc0, 0x5f, 0xf5, 0x03,
    0xd0, 0x0b, 0xe0, 0x07, 0xe0, 0x07, 0xd0, 0x0b, 0xe0, 0x03, 0xc0, 0x0b, 0xf0, 0x03, 0xc0, 0x0f,
    0x00, 0x00, 0x00, 0x00, 0x00, 0x00, 0x00, 0x00, 0x00, 0x00, 0x00, 0x00, 0x00, 0x00, 0x00, 0x00,
    0x00, 0x00, 0x00, 0x00, 0x00, 0x00, 0x00, 0x00, 0x00, 0x00, 0x00, 0x00, 0x00, 0x00, 0x00, 0x00,
    0x00, 0x00, 0x00, 0x00, 0x00, 0x00, 0x00, 0x00, 0x00, 0x00, 0x00, 0x00, 0x00, 0x00, 0x00, 0x00,
    0x00, 0x00, 0x00, 0x00, 0x00, 0x00, 0x00, 0x00, 0x00, 0xfd, 0xff, 0x2f, 0x00, 0xfe, 0xff, 0x2f,
    0x00, 0xbf, 0xbf, 0x1a, 0x00, 0x2f, 0x3f, 0x00, 0x40, 0x1f, 0x3f, 0x00, 0x40, 0x1f, 0x3f, 0x00,
    0x80, 0x0f, 0x3f, 0x00, 0x80, 0x0f, 0xbf, 0x0a, 0xc0, 0x0b, 0xff, 0x0f, 0xc0, 0x0b, 0xff, 0x0f,
    0xd0, 0x07, 0x3f, 0x00, 0xe0, 0xff, 0x3f, 0x00, 0xe0, 0xff, 0x3f, 0x00, 0xf0, 0xab, 0x3f, 0x00,
    0xf0, 0x02, 0x3f, 0x00, 0xf4, 0x02, 0xbf, 0x1a, 0xf4, 0x01, 0xff, 0x2f, 0xf8, 0x00, 0xff, 0x2f,
    0x00, 0x00, 0x00, 0x00, 0x00, 0x00, 0x00, 0x00, 0x00, 0x00, 0x00, 0x00, 0x00, 0x00, 0x00, 0x00,
    0x00, 0x00, 0x00, 0x00, 0x00, 0x00, 0x00, 0x00, 0x00, 0x00, 0x00, 0x00, 0x00, 0x00, 0x00, 0x00,
    0x00, 0x00, 0x00, 0x00, 0x00, 0x00, 0x00, 0x00, 0x00, 0x00, 0x00, 0x00, 0x00, 0x00, 0x00, 0x00,
    0x00, 0x00, 0x00, 0x00, 0x00, 0x00, 0x00, 0x00, 0x00, 0xe4, 0x6f, 0x00, 0x00, 0xfe, 0xff, 0x02,
    0x40, 0xff, 0xfe, 0x07, 0x80, 0x2f, 0xe0, 0x0b, 0xc0, 0x0f, 0xc0, 0x0f, 0xc0, 0x0f, 0x40, 0x05,
    0xc0, 0x0f, 0x00, 0x00, 0xc0, 0x0f, 0x00, 0x00, 0xc0, 0x0f, 0x00, 0x00, 0xc0, 0x0f, 0x00, 0x00,
    0xc0, 0x0f, 0x00, 0x00, 0xc0, 0x0f, 0x00, 0x00, 0xc0, 0x0f, 0x40, 0x05, 0xc0, 0x0f, 0xc0, 0x0f,
    0x80, 0x2f, 0xe0, 0x0b, 0x40, 0xff, 0xfe, 0x07, 0x00, 0xfe, 0xff, 0x02, 0x00, 0xe4, 0x6f, 0x00,
    0x00, 0xd0, 0x02, 0x00, 0x00, 0x40, 0x6e, 0x00, 0x00, 0x00, 0xbc, 0x00, 0x00, 0xe0, 0xbf, 0x00,
    0x00, 0xf0, 0x2f, 0x00, 0x00, 0x00, 0x00, 0x00, 0x00, 0x00, 0x00, 0x00, 0x00, 0x00, 0x00, 0x00,
    0x00, 0xfc, 0x00, 0x00, 0x00, 0xf4, 0x02, 0x00, 0x00, 0xe0, 0x07, 0x00, 0x00, 0xc0, 0x0f, 0x00,
    0x00, 0x00, 0x00, 0x00, 0x00, 0x00, 0x00, 0x00, 0xc0, 0xff, 0xff, 0x0b, 0xc0, 0xff, 0xff, 0x0b,
    0xc0, 0xaf, 0xaa, 0x06, 0xc0, 0x0f, 0x00, 0x00, 0xc0, 0x0f, 0x00, 0x00, 0xc0, 0x0f, 0x00, 0x00,
    0xc0, 0x0f, 0x00, 0x00, 0xc0, 0xaf, 0xaa, 0x01, 0xc0, 0xff, 0xff, 0x02, 0xc0, 0xff, 0xff, 0x02,
    0xc0, 0x0f, 0x00, 0x00, 0xc0, 0x0f, 0x00, 0x00, 0xc0, 0x0f, 0x00, 0x00, 0xc0, 0x0f, 0x00, 0x00,
    0xc0, 0x0f, 0x00, 0x00, 0xc0, 0xaf, 0xaa, 0x06, 0xc0, 0xff, 0xff, 0x0b, 0xc0, 0xff, 0xff, 0x0b,
    0x00, 0x00, 0x00, 0x00, 0x00, 0x00, 0x00, 0x00, 0x00, 0x00, 0x00, 0x00, 0x00, 0x00, 0x00, 0x00,
    0x00, 0x00, 0x00, 0x00, 0x00, 0x00, 0x00, 0x00, 0x00, 0x00, 0x00, 0x00, 0x00, 0x00, 0x00, 0x00,
    0x00, 0x00, 0xfc, 0x00, 0x00, 0x00, 0x7e, 0x00, 0x00, 0x40, 0x2f, 0x00, 0x00, 0xc0, 0x0f, 0x00,
    0x00, 0x00, 0x00, 0x00, 0x00, 0x00, 0x00, 0x00, 0xc0, 0xff, 0xff, 0x0b, 0xc0, 0xff, 0xff, 0x0b,
    0xc0, 0xaf, 0xaa, 0x06, 0xc0, 0x0f, 0x00, 0x00, 0xc0, 0x0f, 0x00, 0x00, 0xc0, 0x0f, 0x00, 0x00,
    0xc0, 0x0f, 0x00, 0x00, 0xc0, 0xaf, 0xaa, 0x01, 0xc0, 0xff, 0xff, 0x02, 0xc0, 0xff, 0xff, 0x02,
    0xc0, 0x0f, 0x00, 0x00, 0xc0, 0x0f, 0x00, 0x00, 0xc0, 0x0f, 0x00, 0x00, 0xc0, 0x0f, 0x00, 0x00,
    0xc0, 0x0f, 0x00, 0x00, 0xc0, 0xaf, 0xaa, 0x06, 0xc0, 0xff, 0xff, 0x0b, 0xc0, 0xff, 0xff, 0x0b,
    0x00, 0x00, 0x00, 0x00, 0x00, 0x00, 0x00, 0x00, 0x00, 0x00, 0x00, 0x00, 0x00, 0x00, 0x00, 0x00,
    0x00, 0x00, 0x00, 0x00, 0x00, 0x00, 0x00, 0x00, 0x00, 0x00, 0x00, 0x00, 0x00, 0x00, 0x00, 0x00,
    0x00, 0xd0, 0x1f, 0x00, 0x00, 0xf4, 0x7f, 0x00, 0x00, 0xbd, 0xf8, 0x01, 0x00, 0x19, 0x90, 0x01,
    0x00, 0x00, 0x00, 0x00, 0x00, 0x00, 0x00, 0x00, 0xc0, 0xff, 0xff, 0x0b, 0xc0, 0xff, 0xff, 0x0b,
    0xc0, 0xaf, 0xaa, 0x06, 0xc0, 0x0f, 0x00, 0x00, 0xc0, 0x0f, 0x00, 0x00, 0xc0, 0x0f, 0x00, 0x00,
    0xc0, 0x0f, 0x00, 0x00, 0xc0, 0xaf, 0xaa, 0x01, 0xc0, 0xff, 0xff, 0x02, 0xc0, 0xff, 0xff, 0x02,
    0xc0, 0x0f, 0x00, 0x00, 0xc0, 0x0f, 0x00, 0x00, 0xc0, 0x0f, 0x00, 0x00, 0xc0, 0x0f, 0x00, 0x00,
    0xc0, 0x0f, 0x00, 0x00, 0xc0, 0xaf, 0xaa, 0x06, 0xc0, 0xff, 0xff, 0x0b, 0xc0, 0xff, 0xff, 0x0b,
    0x00, 0x00, 0x00, 0x00, 0x00, 0x00, 0x00, 0x00, 0x00, 0x00, 0x00, 0x00, 0x00, 0x00, 0x00, 0x00,
    0x00, 0x00, 0x00, 0x00, 0x00, 0x00, 0x00, 0x00, 0x00, 0x00, 0x00, 0x00, 0x00, 0x00, 0x00, 0x00,
    0x00, 0x1d, 0xd0, 0x01, 0x00, 0x3f, 0xf0, 0x03, 0x00, 0x3f, 0xf0, 0x03, 0x00, 0x1d, 0xd0, 0x01,
    0x00, 0x00, 0x00, 0x00, 0x00, 0x00, 0x00, 0x00, 0xc0, 0xff, 0xff, 0x0b, 0xc0, 0xff, 0xff, 0x0b,
    0xc0, 0xaf, 0xaa, 0x06, 0xc0, 0x0f, 0x00, 0x00, 0xc0, 0x0f, 0x00, 0x00, 0xc0, 0x0f, 0x00, 0x00,
    0xc0, 0x0f, 0x00, 0x00, 0xc0, 0xaf, 0xaa, 0x01, 0xc0, 0xff, 0xff, 0x02, 0xc0, 0xff, 0xff, 0x02,
    0xc0, 0x0f, 0x00, 0x00, 0xc0, 0x0f, 0x00, 0x00, 0xc0, 0x0f, 0x00, 0x00, 0xc0, 0x0f, 0x00, 0x00,
    0xc0, 0x0f, 0x00, 0x00, 0xc0, 0xaf, 0xaa, 0x06, 0xc0, 0xff, 0xff, 0x0b, 0xc0, 0xff, 0xff, 0x0b,
    0x00, 0x00, 0x00, 0x00, 0x00, 0x00, 0x00, 0x00, 0x00, 0x00, 0x00, 0x00, 0x00, 0x00, 0x00, 0x00,
    0x00, 0x00, 0x00, 0x00, 0x00, 0x00, 0x00, 0x00, 0x00, 0x00, 0x00, 0x00, 0x00, 0x00, 0x00, 0x00,
    0x00, 0x3e, 0x00, 0x00, 0x00, 0xbd, 0x00, 0x00, 0x00, 0xf8, 0x01, 0x00, 0x00, 0xf0, 0x03, 0x00,
    0x00, 0x00, 0x00, 0x00, 0x00, 0x00, 0x00, 0x00, 0xc0, 0xff, 0xff, 0x03, 0xc0, 0xff, 0xff, 0x03,
    0x80, 0xfa, 0xab, 0x02, 0x00, 0xf0, 0x03, 0x00, 0x00, 0xf0, 0x03, 0x00, 0x00, 0xf0, 0x03, 0x00,
    0x00, 0xf0, 0x03, 0x00, 0x00, 0xf0, 0x03, 0x00, 0x00, 0xf0, 0x03, 0x00, 0x00, 0xf0, 0x03, 0x00,
    0x00, 0xf0, 0x03, 0x00, 0x00, 0xf0, 0x03, 0x00, 0x00, 0xf0, 0x03, 0x00, 0x00, 0xf0, 0x03, 0x00,
    0x00, 0xf0, 0x03, 0x00, 0x80, 0xfa, 0xab, 0x02, 0xc0, 0xff, 0xff, 0x03, 0xc0, 0xff, 0xff, 0x03,
    0x00, 0x00, 0x00, 0x00, 0x00, 0x00, 0x00, 0x00, 0x00, 0x00, 0x00, 0x00, 0x00, 0x00, 0x00, 0x00,
    0x00, 0x00, 0x00, 0x00, 0x00, 0x00, 0x00, 0x00, 0x00, 0x00, 0x00, 0x00, 0x00, 0x00, 0x00, 0x00,
    0x00, 0x00, 0x7f, 0x00, 0x00, 0x80, 0x2f, 0x00, 0x00, 0xd0, 0x0b, 0x00, 0x00, 0xe0, 0x03, 0x00,
    0x00, 0x00, 0x00, 0x00, 0x00, 0x00, 0x00, 0x00, 0xc0, 0xff, 0xff, 0x03, 0xc0, 0xff, 0xff, 0x03,
    0x80, 0xfa, 0xab, 0x02, 0x00, 0xf0, 0x03, 0x00, 0x00, 0xf0, 0x03, 0x00, 0x00, 0xf0, 0x03, 0x00,
    0x00, 0xf0, 0x03, 0x00, 0x00, 0xf0, 0x03, 0x00, 0x00, 0xf0, 0x03, 0x00, 0x00, 0xf0, 0x03, 0x00,
    0x00, 0xf0, 0x03, 0x00, 0x00, 0xf0, 0x03, 0x00, 0x00, 0xf0, 0x03, 0x00, 0x00, 0xf0, 0x03, 0x00,
    0x00, 0xf0, 0x03, 0x00, 0x80, 0xfa, 0xab, 0x02, 0xc0, 0xff, 0xff, 0x03, 0xc0, 0xff, 0xff, 0x03,
    0x00, 0x00, 0x00, 0x00, 0x00, 0x00, 0x00, 0x00, 0x00, 0x00, 0x00, 0x00, 0x00, 0x00, 0x00, 0x00,
    0x00, 0x00, 0x00, 0x00, 0x00, 0x00, 0x00, 0x00, 0x00, 0x00, 0x00, 0x00, 0x00, 0x00, 0x00, 0x00,
    0x00, 0xf4, 0x07, 0x00, 0x00, 0xfc, 0x1f, 0x00, 0x00, 0x2e, 0xbe, 0x00, 0x40, 0x06, 0xa4, 0x00,
    0x00, 0x00, 0x00, 0x00, 0x00, 0x00, 0x00, 0x00, 0xc0, 0xff, 0xff, 0x03, 0xc0, 0xff, 0xff, 0x03,
    0x80, 0xfa, 0xab, 0x02, 0x00, 0xf0, 0x03, 0x00, 0x00, 0xf0, 0x03, 0x00, 0x00, 0xf0, 0x03, 0x00,
    0x00, 0xf0, 0x03, 0x00, 0x00, 0xf0, 0x03, 0x00, 0x00, 0xf0, 0x03, 0x00, 0x00, 0xf0, 0x03, 0x00,
    0x00, 0xf0, 0x03, 0x00, 0x00, 0xf0, 0x03, 0x00, 0x00, 0xf0, 0x03, 0x00, 0x00, 0xf0, 0x03, 0x00,
    0x00, 0xf0, 0x03, 0x00, 0x80, 0xfa, 0xab, 0x02, 0xc0, 0xff, 0xff, 0x03, 0xc0, 0xff, 0xff, 0x03,
    0x00, 0x00, 0x00, 0x00, 0x00, 0x00, 0x00, 0x00, 0x00, 0x00, 0x00, 0x00, 0x00, 0x00, 0x00, 0x00,
    0x00, 0x00, 0x00, 0x00, 0x00, 0x00, 0x00, 0x00, 0x00, 0x00, 0x00, 0x00, 0x00, 0x00, 0x00, 0x00,
    0x00, 0x1d, 0x74, 0x00, 0x00, 0x3f, 0xfc, 0x00, 0x00, 0x3f, 0xfc, 0x00, 0x00, 0x1d, 0x74, 0x00,
    0x00, 0x00, 0x00, 0x00, 0x00, 0x00, 0x00, 0x00, 0xc0, 0xff, 0xff, 0x03, 0xc0, 0xff, 0xff, 0x03,
    0x80, 0xfa, 0xab, 0x02, 0x00, 0xf0, 0x03, 0x00, 0x00, 0xf0, 0x03, 0x00, 0x00, 0xf0, 0x03, 0x00,
    0x00, 0xf0, 0x03, 0x00, 0x00, 0xf0, 0x03, 0x00, 0x00, 0xf0, 0x03, 0x00, 0x00, 0xf0, 0x03, 0x00,
    0x00, 0xf0, 0x03, 0x00, 0x00, 0xf0, 0x03, 0x00, 0x00, 0xf0, 0x03, 0x00, 0x00, 0xf0, 0x03, 0x00,
    0x00, 0xf0, 0x03, 0x00, 0x80, 0xfa, 0xab, 0x02, 0xc0, 0xff, 0xff, 0x03, 0xc0, 0xff, 0xff, 0x03,
    0x00, 0x00, 0x00, 0x00, 0x00, 0x00, 0x00, 0x00, 0x00, 0x00, 0x00, 0x00, 0x00, 0x00, 0x00, 0x00,
    0x00, 0x00, 0x00, 0x00, 0x00, 0x00, 0x00, 0x00, 0x00, 0x00, 0x00, 0x00, 0x00, 0x00, 0x00, 0x00,
    0x00, 0x00, 0x00, 0x00, 0x00, 0x00, 0x00, 0x00, 0x00, 0x00, 0x00, 0x00, 0x00, 0x00, 0x00, 0x00,
    0x00, 0x00, 0x00, 0x00, 0x00, 0x00, 0x00, 0x00, 0xc0, 0xff, 0x2f, 0x00, 0xc0, 0xff, 0xff, 0x01,
    0xc0, 0xaf, 0xfe, 0x03, 0xc0, 0x0f, 0xe0, 0x0b, 0xc0, 0x0f, 0xc0, 0x0f, 0xc0, 0x0f, 0xc0, 0x0f,
    0xc0, 0x0f, 0xc0, 0x0f, 0xe4, 0xaf, 0xc0, 0x0f, 0xf8, 0xff, 0xc0, 0x0f, 0xf8, 0xff, 0xc0, 0x0f,
    0xc0, 0x0f, 0xc0, 0x0f, 0xc0, 0x0f, 0xc0, 0x0f, 0xc0, 0x0f, 0xc0, 0x0f, 0xc0, 0x0f, 0xc0, 0x0f,
    0xc0, 0x0f, 0xe0, 0x0b, 0xc0, 0xaf, 0xfe, 0x03, 0xc0, 0xff, 0xff, 0x01, 0xc0, 0xff, 0x2f, 0x00,
    0x00, 0x00, 0x00, 0x00, 0x00, 0x00, 0x00, 0x00, 0x00, 0x00, 0x00, 0x00, 0x00, 0x00, 0x00, 0x00,
    0x00, 0x00, 0x00, 0x00, 0x00, 0x00, 0x00, 0x00, 0x00, 0x00, 0x00, 0x00, 0x00, 0x00, 0x00, 0x00,
    0x00, 0xa4, 0x80, 0x01, 0x00, 0xfd, 0xd7, 0x02, 0x00, 0xae, 0xff, 0x02, 0x00, 0x0e, 0xbd, 0x00,
    0x00, 0x00, 0x00, 0x00, 0x00, 0x00, 0x00, 0x00, 0xc0, 0x2f, 0xc0, 0x0f, 0xc0, 0x3f, 0xc0, 0x0f,
    0xc0, 0x7f, 0xc0, 0x0f, 0xc0, 0xbf, 0xc0, 0x0f, 0xc0, 0xff, 0xc0, 0x0f, 0xc0, 0xef, 0xc1, 0x0f,
    0xc0, 0xdf, 0xc2, 0x0f, 0xc0, 0xcf, 0xc3, 0x0f, 0xc0, 0x8f, 0xc7, 0x0f, 0xc0, 0x4f, 0xcb, 0x0f,
    0xc0, 0x0f, 0xcf, 0x0f, 0xc0, 0x0f, 0xde, 0x0f, 0xc0, 0x0f, 0xad, 0x0f, 0xc0, 0x0f, 0xbc, 0x0f,
    0xc0, 0x0f, 0xf8, 0x0f, 0xc0, 0x0f, 0xf4, 0x0f, 0xc0, 0x0f, 0xf0, 0x0f, 0xc0, 0x0f, 0xe0, 0x0f,
    0x00, 0x00, 0x00, 0x00, 0x00, 0x00, 0x00, 0x00, 0x00, 0x00, 0x00, 0x00, 0x00, 0x00, 0x00, 0x00,
    0x00, 0x00, 0x00, 0x00, 0x00, 0x00, 0x00, 0x00, 0x00, 0x00, 0x00, 0x00, 0x00, 0x00, 0x00, 0x00,
    0x00, 0xfd, 0x00, 0x00, 0x00, 0xf4, 0x02, 0x00, 0x00, 0xe0, 0x07, 0x00, 0x00, 0xc0, 0x0f, 0x00,
    0x00, 0x00, 0x00, 0x00, 0x00, 0x00, 0x00, 0x00, 0x00, 0xe4, 0x6f, 0x00, 0x00, 0xfe, 0xff, 0x01,
    0x40, 0xbf, 0xfe, 0x07, 0x80, 0x1f, 0xe0, 0x0b, 0xc0, 0x0f, 0xc0, 0x0b, 0xc0, 0x0f, 0xc0, 0x0f,
    0xc0, 0x0f, 0xc0, 0x0f, 0xc0, 0x0f, 0xc0, 0x0f, 0xc0, 0x0f, 0xc0, 0x0f, 0xc0, 0x0f, 0xc0, 0x0f,
    0xc0, 0x0f, 0xc0, 0x0f, 0xc0, 0x0f, 0xc0, 0x0f, 0xc0, 0x0f, 0xc0, 0x0f, 0xc0, 0x0f, 0xc0, 0x0b,
    0x80, 0x2f, 0xe0, 0x0b, 0x40, 0xbf, 0xfe, 0x07, 0x00, 0xfe, 0xff, 0x01, 0x00, 0xe4, 0x6f, 0x00,
    0x00, 0x00, 0x00, 0x00, 0x00, 0x00, 0x00, 0x00, 0x00, 0x00, 0x00, 0x00, 0x00, 0x00, 0x00, 0x00,
    0x00, 0x00, 0x00, 0x00, 0x00, 0x00, 0x00, 0x00, 0x00, 0x00, 0x00, 0x00, 0x00, 0x00, 0x00, 0x00,
    0x00, 0x00, 0xfc, 0x00, 0x00, 0x00, 0x7e, 0x00, 0x00, 0x40, 0x2f, 0x00, 0x00, 0xc0, 0x0f, 0x00,
    0x00, 0x00, 0x00, 0x00, 0x00, 0x00, 0x00, 0x00, 0x00, 0xe4, 0x6f, 0x00, 0x00, 0xfe, 0xff, 0x01,
    0x40, 0xbf, 0xfe, 0x07, 0x80, 0x1f, 0xe0, 0x0b, 0xc0, 0x0f, 0xc0, 0x0b, 0xc0, 0x0f, 0xc0, 0x0f,
    0xc0, 0x0f, 0xc0, 0x0f, 0xc0, 0x0f, 0xc0, 0x0f, 0xc0, 0x0f, 0xc0, 0x0f, 0xc0, 0x0f, 0xc0, 0x0f,
    0xc0, 0x0f, 0xc0, 0x0f, 0xc0, 0x0f, 0xc0, 0x0f, 0xc0, 0x0f, 0xc0, 0x0f, 0xc0, 0x0f, 0xc0, 0x0b,
    0x80, 0x2f, 0xe0, 0x0b, 0x40, 0xbf, 0xfe, 0x07, 0x00, 0xfe, 0xff, 0x01, 0x00, 0xe4, 0x6f, 0x00,
    0x00, 0x00, 0x00, 0x00, 0x00, 0x00, 0x00, 0x00, 0x00, 0x00, 0x00, 0x00, 0x00, 0x00, 0x00, 0x00,
    0x00, 0x00, 0x00, 0x00, 0x00, 0x00, 0x00, 0x00, 0x00, 0x00, 0x00, 0x00, 0x00, 0x00, 0x00, 0x00,
    0x00, 0xd0, 0x1f, 0x00, 0x00, 0xf4, 0x7f, 0x00, 0x00, 0xbd, 0xf8, 0x01, 0x00, 0x19, 0x90, 0x01,
    0x00, 0x00, 0x00, 0x00, 0x00, 0x00, 0x00, 0x00, 0x00, 0xe4, 0x6f, 0x00, 0x00, 0xfe, 0xff, 0x01,
    0x40, 0xbf, 0xfe, 0x07, 0x80, 0x1f, 0xe0, 0x0b, 0xc0, 0x0f, 0xc0, 0x0b, 0xc0, 0x0f, 0xc0, 0x0f,
    0xc0, 0x0f, 0xc0, 0x0f, 0xc0, 0x0f, 0xc0, 0x0f, 0xc0, 0x0f, 0xc0, 0x0f, 0xc0, 0x0f, 0xc0, 0x0f,
    0xc0, 0x0f, 0xc0, 0x0f, 0xc0, 0x0f, 0xc0, 0x0f, 0xc0, 0x0f, 0xc0, 0x0f, 0xc0, 0x0f, 0xc0, 0x0b,
    0x80, 0x2f, 0xe0, 0x0b, 0x40, 0xbf, 0xfe, 0x07, 0x00, 0xfe, 0xff, 0x01, 0x00, 0xe4, 0x6f, 0x00,
    0x00, 0x00, 0x00, 0x00, 0x00, 0x00, 0x00, 0x00, 0x00, 0x00, 0x00, 0x00, 0x00, 0x00, 0x00, 0x00,
    0x00, 0x00, 0x00, 0x00, 0x00, 0x00, 0x00, 0x00, 0x00, 0x00, 0x00, 0x00, 0x00, 0x00, 0x00, 0x00,
    0x00, 0xa4, 0x80, 0x01, 0x00, 0xfd, 0xd7, 0x02, 0x00, 0xae, 0xff, 0x02, 0x00, 0x0e, 0xbd, 0x00,
    0x00, 0x00, 0x00, 0x00, 0x00, 0x00, 0x00, 0x00, 0x00, 0xe4, 0x6f, 0x00, 0x00, 0xfe, 0xff, 0x01,
    0x40, 0xbf, 0xfe, 0x07, 0x80, 0x1f, 0xe0, 0x0b, 0xc0, 0x0f, 0xc0, 0x0b, 0xc0, 0x0f, 0xc0, 0x0f,
    0xc0, 0x0f, 0xc0, 0x0f, 0xc0, 0x0f, 0xc0, 0x0f, 0xc0, 0x0f, 0xc0, 0x0f, 0xc0, 0x0f, 0xc0, 0x0f,
    0xc0, 0x0f, 0xc0, 0x0f, 0xc0, 0x0f, 0xc0, 0x0f, 0xc0, 0x0f, 0xc0, 0x0f, 0xc0, 0x0f, 0xc0, 0x0b,
    0x80, 0x2f, 0xe0, 0x0b, 0x40, 0xbf, 0xfe, 0x07, 0x00, 0xfe, 0xff, 0x01, 0x00, 0xe4, 0x6f, 0x00,
    0x00, 0x00, 0x00, 0x00, 0x00, 0x00, 0x00, 0x00, 0x00, 0x00, 0x00, 0x00, 0x00, 0x00, 0x00, 0x00,
    0x00, 0x00, 0x00, 0x00, 0x00, 0x00, 0x00, 0x00, 0x00, 0x00, 0x00, 0x00, 0x00, 0x00, 0x00, 0x00,
    0x00, 0x1d, 0xd0, 0x01, 0x00, 0x3f, 0xf0, 0x03, 0x00, 0x3f, 0xf0, 0x03, 0x00, 0x1d, 0xd0, 0x01,
    0x00, 0x00, 0x00, 0x00, 0x00, 0x00, 0x00, 0x00, 0x00, 0xe4, 0x6f, 0x00, 0x00, 0xfe, 0xff, 0x01,
    0x40, 0xbf, 0xfe, 0x07, 0x80, 0x1f, 0xe0, 0x0b, 0xc0, 0x0f, 0xc0, 0x0b, 0xc0, 0x0f, 0xc0, 0x0f,
    0xc0, 0x0f, 0xc0, 0x0f, 0xc0, 0x0f, 0xc0, 0x0f, 0xc0, 0x0f, 0xc0, 0x0f, 0xc0, 0x0f, 0xc0, 0x0f,
    0xc0, 0x0f, 0xc0, 0x0f, 0xc0, 0x0f, 0xc0, 0x0f, 0xc0, 0x0f, 0xc0, 0x0f, 0xc0, 0x0f, 0xc0, 0x0b,
    0x80, 0x2f, 0xe0, 0x0b, 0x40, 0xbf, 0xfe, 0x07, 0x00, 0xfe, 0xff, 0x01, 0x00, 0xe4, 0x6f, 0x00,
    0x00, 0x00, 0x00, 0x00, 0x00, 0x00, 0x00, 0x00, 0x00, 0x00, 0x00, 0x00, 0x00, 0x00, 0x00, 0x00,
    0x00, 0x00, 0x00, 0x00, 0x00, 0x00, 0x00, 0x00, 0x00, 0x00, 0x00, 0x00, 0x00, 0x00, 0x00, 0x00,
    0x00, 0x00, 0x00, 0x00, 0x00, 0x00, 0x00, 0x00, 0x00, 0x00, 0x00, 0x00, 0x00, 0x00, 0x00, 0x00,
    0x00, 0x00, 0x00, 0x00, 0x00, 0x00, 0x00, 0x00, 0x00, 0x00, 0x00, 0x00, 0x00, 0x00, 0x00, 0x00,
    0x00, 0x00, 0x00, 0x00, 0x00, 0x00, 0x00, 0x00, 0x00, 0x00, 0x00, 0x00, 0x00, 0x0a, 0xe0, 0x01,
    0x80, 0x2f, 0xf4, 0x03, 0x00, 0xbf, 0xfd, 0x01, 0x00, 0xfc, 0x7f, 0x00, 0x00, 0xf0, 0x1f, 0x00,
    0x00, 0xf4, 0x2f, 0x00, 0x00, 0xfd, 0xbf, 0x00, 0x40, 0x7f, 0xfd, 0x02, 0x40, 0x2f, 0xf4, 0x02,
    0x00, 0x09, 0x90, 0x00, 0x00, 0x00, 0x00, 0x00, 0x00, 0x00, 0x00, 0x00, 0x00, 0x00, 0x00, 0x00,
    0x00, 0x00, 0x00, 0x00, 0x00, 0x00, 0x00, 0x00, 0x00, 0x00, 0x00, 0x00, 0x00, 0x00, 0x00, 0x00,
    0x00, 0x00, 0x00, 0x00, 0x00, 0x00, 0x00, 0x00, 0x00, 0x00, 0x00, 0x00, 0x00, 0x00, 0x00, 0x00,
    0x00, 0x00, 0x00, 0x00, 0x00, 0x00, 0x00, 0x00, 0x00, 0x00, 0x00, 0x00, 0x00, 0x00, 0x00, 0x00,
    0x00, 0x00, 0x00, 0x00, 0x00, 0x00, 0x00, 0x2e, 0x00, 0xe4, 0x6f, 0x1f, 0x00, 0xfe, 0xff, 0x0b,
    0x40, 0xff, 0xfe, 0x07, 0x80, 0x2f, 0xf0, 0x0b, 0xc0, 0x0f, 0xf4, 0x0b, 0xc0, 0x0f, 0xfc, 0x0f,
    0xc0, 0x0f, 0xfe, 0x0f, 0xc0, 0x0f, 0xdf, 0x0f, 0xc0, 0x8f, 0xcb, 0x0f, 0xc0, 0xdf, 0xc7, 0x0f,
    0xc0, 0xef, 0xc2, 0x0f, 0xc0, 0xff, 0xc1, 0x0f, 0xc0, 0xbf, 0xc0, 0x0f, 0xc0, 0x3f, 0xc0, 0x0b,
    0x80, 0x3f, 0xe0, 0x0b, 0xc0, 0xbf, 0xfe, 0x07, 0xc0, 0xff, 0xff, 0x01, 0xe0, 0xe6, 0x6f, 0x00,
    0x90, 0x01, 0x00, 0x00, 0x00, 0x00, 0x00, 0x00, 0x00, 0x00, 0x00, 0x00, 0x00, 0x00, 0x00, 0x00,
    0x00, 0x00, 0x00, 0x00, 0x00, 0x00, 0x00, 0x00, 0x00, 0x00, 0x00, 0x00, 0x00, 0x00, 0x00, 0x00,
    0x00, 0xfd, 0x00, 0x00, 0x00, 0xf4, 0x02, 0x00, 0x00, 0xe0, 0x07, 0x00, 0x00, 0xc0, 0x0f, 0x00,
    0x00, 0x00, 0x00, 0x00, 0x00, 0x00, 0x00, 0x00, 0xc0, 0x0f, 0xc0, 0x0f, 0xc0, 0x0f, 0xc0, 0x0f,
    0xc0, 0x0f, 0xc0, 0x0f, 0xc0, 0x0f, 0xc0, 0x0f, 0xc0, 0x0f, 0xc0, 0x0f, 0xc0, 0x0f, 0xc0, 0x0f,
    0xc0, 0x0f, 0xc0, 0x0f, 0xc0, 0x0f, 0xc0, 0x0f, 0xc0, 0x0f, 0xc0, 0x0f, 0xc0, 0x0f, 0xc0, 0x0f,
    0xc0, 0x0f, 0xc0, 0x0f, 0xc0, 0x0f, 0xc0, 0x0f, 0xc0, 0x0f, 0xc0, 0x0f, 0xc0, 0x0f, 0xc0, 0x0f,
    0x80, 0x2f, 0xe0, 0x0b, 0x40, 0xff, 0xfe, 0x07, 0x00, 0xfe, 0xff, 0x01, 0x00, 0xe4, 0x6f, 0x00,
    0x00, 0x00, 0x00, 0x00, 0x00, 0x00, 0x00, 0x00, 0x00, 0x00, 0x00, 0x00, 0x00, 0x00, 0x00, 0x00,
    0x00, 0x00, 0x00, 0x00, 0x00, 0x00, 0x00, 0x00, 0x00, 0x00, 0x00, 0x00, 0x00, 0x00, 0x00, 0x00,
    0x00, 0x00, 0xfc, 0x00, 0x00, 0x00, 0x7e, 0x00, 0x00, 0x40, 0x2f, 0x00, 0x00, 0xc0, 0x0f, 0x00,
    0x00, 0x00, 0x00, 0x00, 0x00, 0x00, 0x00, 0x00, 0xc0, 0x0f, 0xc0, 0x0f, 0xc0, 0x0f, 0xc0, 0x0f,
    0xc0, 0x0f, 0xc0, 0x0f, 0xc0, 0x0f, 0xc0, 0x0f, 0xc0, 0x0f, 0xc0, 0x0f, 0xc0, 0x0f, 0xc0, 0x0f,
    0xc0, 0x0f, 0xc0, 0x0f, 0xc0, 0x0f, 0xc0, 0x0f, 0xc0, 0x0f, 0xc0, 0x0f, 0xc0, 0x0f, 0xc0, 0x0f,
    0xc0, 0x0f, 0xc0, 0x0f, 0xc0, 0x0f, 0xc0, 0x0f, 0xc0, 0x0f, 0xc0, 0x0f, 0xc0, 0x0f, 0xc0, 0x0f,
    0x80, 0x2f, 0xe0, 0x0b, 0x40, 0xff, 0xfe, 0x07, 0x00, 0xfe, 0xff, 0x01, 0x00, 0xe4, 0x6f, 0x00,
    0x00, 0x00, 0x00, 0x00, 0x00, 0x00, 0x00, 0x00, 0x00, 0x00, 0x00, 0x00, 0x00, 0x00, 0x00, 0x00,
    0x00, 0x00, 0x00, 0x00, 0x00, 0x00, 0x00, 0x00, 0x00, 0x00, 0x00, 0x00, 0x00, 0x00, 0x00, 0x00,
    0x00, 0xd0, 0x1f, 0x00, 0x00, 0xf4, 0x7f, 0x00, 0x00, 0xbd, 0xf8, 0x01, 0x00, 0x19, 0x90, 0x01,
    0x00, 0x00, 0x00, 0x00, 0x00, 0x00, 0x00, 0x00, 0xc0, 0x0f, 0xc0, 0x0f, 0xc0, 0x0f, 0xc0, 0x0f,
    0xc0, 0x0f, 0xc0, 0x0f, 0xc0, 0x0f, 0xc0, 0x0f, 0xc0, 0x0f, 0xc0, 0x0f, 0xc0, 0x0f, 0xc0, 0x0f,
    0xc0, 0x0f, 0xc0, 0x0f, 0xc0, 0x0f, 0xc0, 0x0f, 0xc0, 0x0f, 0xc0, 0x0f, 0xc0, 0x0f, 0xc0, 0x0f,
    0xc0, 0x0f, 0xc0, 0x0f, 0xc0, 0x0f, 0xc0, 0x0f, 0xc0, 0x0f, 0xc0, 0x0f, 0xc0, 0x0f, 0xc0, 0x0f,
    0x80, 0x2f, 0xe0, 0x0b, 0x40, 0xff, 0xfe, 0x07, 0x00, 0xfe, 0xff, 0x01, 0x00, 0xe4, 0x6f, 0x00,
    0x00, 0x00, 0x00, 0x00, 0x00, 0x00, 0x00, 0x00, 0x00, 0x00, 0x00, 0x00, 0x00, 0x00, 0x00, 0x00,
    0x00, 0x00, 0x00, 0x00, 0x00, 0x00, 0x00, 0x00, 0x00, 0x00, 0x00, 0x00, 0x00, 0x00, 0x00, 0x00,
    0x00, 0x1d, 0xd0, 0x01, 0x00, 0x3f, 0xf0, 0x03, 0x00, 0x3f, 0xf0, 0x03, 0x00, 0x1d, 0xd0, 0x01,
    0x00, 0x00, 0x00, 0x00, 0x00, 0x00, 0x00, 0x00, 0xc0, 0x0f, 0xc0, 0x0f, 0xc0, 0x0f, 0xc0, 0x0f,
    0xc0, 0x0f, 0xc0, 0x0f, 0xc0, 0x0f, 0xc0, 0x0f, 0xc0, 0x0f, 0xc0, 0x0f, 0xc0, 0x0f, 0xc0, 0x0f,
    0xc0, 0x0f, 0xc0, 0x0f, 0xc0, 0x0f, 0xc0, 0x0f, 0xc0, 0x0f, 0xc0, 0x0f, 0xc0, 0x0f, 0xc0, 0x0f,
    0xc0, 0x0f, 0xc0, 0x0f, 0xc0, 0x0f, 0xc0, 0x0f, 0xc0, 0x0f, 0xc0, 0x0f, 0xc0, 0x0f, 0xc0, 0x0f,
    0x80, 0x2f, 0xe0, 0x0b, 0x40, 0xff, 0xfe, 0x07, 0x00, 0xfe, 0xff, 0x01, 0x00, 0xe4, 0x6f, 0x00,
    0x00, 0x00, 0x00, 0x00, 0x00, 0x00, 0x00, 0x00, 0x00, 0x00, 0x00, 0x00, 0x00, 0x00, 0x00, 0x00,
    0x00, 0x00, 0x00, 0x00, 0x00, 0x00, 0x00, 0x00, 0x00, 0x00, 0x00, 0x00, 0x00, 0x00, 0x00, 0x00,
    0x00, 0x00, 0xfc, 0x00, 0x00, 0x00, 0x7e, 0x00, 0x00, 0x40, 0x2f, 0x00, 0x00, 0xc0, 0x0f, 0x00,
    0x00, 0x00, 0x00, 0x00, 0x00, 0x00, 0x00, 0x00, 0xf0, 0x03, 0x00, 0x3f, 0xd0, 0x0b, 0x80, 0x1f,
    0xc0, 0x0f, 0xc0, 0x0f, 0x80, 0x1f, 0xd0, 0x07, 0x00, 0x3f, 0xf0, 0x03, 0x00, 0x7e, 0xf4, 0x02,
    0x00, 0xbd, 0xf8, 0x00, 0x00, 0xf8, 0xbd, 0x00, 0x00, 0xf4, 0x7e, 0x00, 0x00, 0xf0, 0x2f, 0x00,
    0x00, 0xd0, 0x1f, 0x00, 0x00, 0xc0, 0x0f, 0x00, 0x00, 0xc0, 0x0f, 0x00, 0x00, 0xc0, 0x0f, 0x00,
    0x00, 0xc0, 0x0f, 0x00, 0x00, 0xc0, 0x0f, 0x00, 0x00, 0xc0, 0x0f, 0x00, 0x00, 0xc0, 0x0f, 0x00,
    0x00, 0x00, 0x00, 0x00, 0x00, 0x00, 0x00, 0x00, 0x00, 0x00, 0x00, 0x00, 0x00, 0x00, 0x00, 0x00,
    0x00, 0x00, 0x00, 0x00, 0x00, 0x00, 0x00, 0x00, 0x00, 0x00, 0x00, 0x00, 0x00, 0x00, 0x00, 0x00,
    0x00, 0x00, 0x00, 0x00, 0x00, 0x00, 0x00, 0x00, 0x00, 0x00, 0x00, 0x00, 0x00, 0x00, 0x00, 0x00,
    0x00, 0x00, 0x00, 0x00, 0x00, 0x00, 0x00, 0x00, 0xc0, 0x0f, 0x00, 0x00, 0xc0, 0x0f, 0x00, 0x00,
    0xc0, 0x0f, 0x00, 0x00, 0xc0, 0xaf, 0x6a, 0x00, 0xc0, 0xff, 0xff, 0x07, 0xc0, 0xff, 0xff, 0x0f,
    0xc0, 0x0f, 0xd0, 0x2f, 0xc0, 0x0f, 0x40, 0x2f, 0xc0, 0x0f, 0x00, 0x3f, 0xc0, 0x0f, 0x40, 0x2f,
    0xc0, 0x0f, 0xd0, 0x2f, 0xc0, 0xff, 0xff, 0x0f, 0xc0, 0xff, 0xff, 0x07, 0xc0, 0xaf, 0x6a, 0x00,
    0xc0, 0x0f, 0x00, 0x00, 0xc0, 0x0f, 0x00, 0x00, 0xc0, 0x0f, 0x00, 0x00, 0xc0, 0x0f, 0x00, 0x00,
    0x00, 0x00, 0x00, 0x00, 0x00, 0x00, 0x00, 0x00, 0x00, 0x00, 0x00, 0x00, 0x00, 0x00, 0x00, 0x00,
    0x00, 0x00, 0x00, 0x00, 0x00, 0x00, 0x00, 0x00, 0x00, 0x00, 0x00, 0x00, 0x00, 0x00, 0x00, 0x00,
    0x00, 0x00, 0x00, 0x00, 0x00, 0x00, 0x00, 0x00, 0x00, 0x00, 0x00, 0x00, 0x00, 0x00, 0x00, 0x00,
    0x00, 0x00, 0x00, 0x00, 0x00, 0x00, 0x00, 0x00, 0x00, 0xe4, 0x6f, 0x00, 0x00, 0xfe, 0xff, 0x02,
    0x40, 0xff, 0xfe, 0x07, 0x80, 0x2f, 0xe0, 0x0b, 0xc0, 0x0f, 0xc0, 0x0f, 0xc0, 0x0f, 0xc0, 0x0b,
    0xc0, 0x0f, 0xe0, 0x0b, 0xc0, 0x4f, 0xfe, 0x03, 0xc0, 0x8f, 0xff, 0x01, 0xc0, 0x8f, 0xff, 0x03,
    0xc0, 0x0f, 0xe4, 0x0b, 0xc0, 0x0f, 0xc0, 0x0f, 0xc0, 0x0f, 0xc0, 0x0f, 0xc0, 0x0f, 0xc0, 0x0f,
    0xc0, 0x0f, 0xe0, 0x0b, 0xc0, 0x4f, 0xfe, 0x07, 0xc0, 0x8f, 0xff, 0x02, 0xc0, 0x8f, 0x6f, 0x00,
    0x00, 0x00, 0x00, 0x00, 0x00, 0x00, 0x00, 0x00, 0x00, 0x00, 0x00, 0x00, 0x00, 0x00, 0x00, 0x00,
    0x00, 0x00, 0x00, 0x00, 0x00, 0x00, 0x00, 0x00, 0x00, 0x00, 0x00, 0x00, 0x00, 0x00, 0x00, 0x00,
    0x00, 0x00, 0x00, 0x00, 0x00, 0x00, 0x00, 0x00, 0x00, 0x00, 0x00, 0x00, 0x00, 0x00, 0x00, 0x00,
    0x00, 0x7e, 0x00, 0x00, 0x00, 0xfc, 0x00, 0x00, 0x00, 0xf4, 0x02, 0x00, 0x00, 0xe0, 0x07, 0x00,
    0x00, 0x00, 0x00, 0x00, 0x00, 0x00, 0x00, 0x00, 0x00, 0xf8, 0x1b, 0x00, 0x00, 0xff, 0xbf, 0x00,
    0x80, 0xbf, 0xfe, 0x02, 0xd0, 0x0b, 0xf4, 0x03, 0x40, 0x01, 0xf0, 0x03, 0x00, 0x00, 0xf0, 0x03,
    0x00, 0xfe, 0xff, 0x03, 0xd0, 0xff, 0xff, 0x03, 0xe0, 0x07, 0xf0, 0x03, 0xf0, 0x03, 0xf0, 0x03,
    0xf0, 0x07, 0xf8, 0x03, 0xe0, 0xaf, 0xff, 0x03, 0xd0, 0xff, 0xfb, 0x03, 0x40, 0xbe, 0xf1, 0x03,
    0x00, 0x00, 0x00, 0x00, 0x00, 0x00, 0x00, 0x00, 0x00, 0x00, 0x00, 0x00, 0x00, 0x00, 0x00, 0x00,
    0x00, 0x00, 0x00, 0x00, 0x00, 0x00, 0x00, 0x00, 0x00, 0x00, 0x00, 0x00, 0x00, 0x00, 0x00, 0x00,
    0x00, 0x00, 0x00, 0x00, 0x00, 0x00, 0x00, 0x00, 0x00, 0x00, 0x00, 0x00, 0x00, 0x00, 0x00, 0x00,
    0x00, 0x00, 0x7e, 0x00, 0x00, 0x40, 0x2f, 0x00, 0x00, 0xc0, 0x0f, 0x00, 0x00, 0xe0, 0x07, 0x00,
    0x00, 0x00, 0x00, 0x00, 0x00, 0x00, 0x00, 0x00, 0x00, 0xf8, 0x1b, 0x00, 0x00, 0xff, 0xbf, 0x00,
    0x80, 0xbf, 0xfe, 0x02, 0xd0, 0x0b, 0xf4, 0x03, 0x40, 0x01, 0xf0, 0x03, 0x00, 0x00, 0xf0, 0x03,
    0x00, 0xfe, 0xff, 0x03, 0xd0, 0xff, 0xff, 0x03, 0xe0, 0x07, 0xf0, 0x03, 0xf0, 0x03, 0xf0, 0x03,
    0xf0, 0x07, 0xf8, 0x03, 0xe0, 0xaf, 0xff, 0x03, 0xd0, 0xff, 0xfb, 0x03, 0x40, 0xbe, 0xf1, 0x03,
    0x00, 0x00, 0x00, 0x00, 0x00, 0x00, 0x00, 0x00, 0x00, 0x00, 0x00, 0x00, 0x00, 0x00, 0x00, 0x00,
    0x00, 0x00, 0x00, 0x00, 0x00, 0x00, 0x00, 0x00, 0x00, 0x00, 0x00, 0x00, 0x00, 0x00, 0x00, 0x00,
    0x00, 0x00, 0x00, 0x00, 0x00, 0x00, 0x00, 0x00, 0x00, 0x00, 0x00, 0x00, 0x00, 0x00, 0x00, 0x00,
    0x00, 0xf0, 0x0b, 0x00, 0x00, 0xf8, 0x2f, 0x00, 0x00, 0x3e, 0x7d, 0x00, 0x40, 0x1a, 0x64, 0x00,
    0x00, 0x00, 0x00, 0x00, 0x00, 0x00, 0x00, 0x00, 0x00, 0xf8, 0x1b, 0x00, 0x00, 0xff, 0xbf, 0x00,
    0x80, 0xbf, 0xfe, 0x02, 0xd0, 0x0b, 0xf4, 0x03, 0x40, 0x01, 0xf0, 0x03, 0x00, 0x00, 0xf0, 0x03,
    0x00, 0xfe, 0xff, 0x03, 0xd0, 0xff, 0xff, 0x03, 0xe0, 0x07, 0xf0, 0x03, 0xf0, 0x03, 0xf0, 0x03,
    0xf0, 0x07, 0xf8, 0x03, 0xe0, 0xaf, 0xff, 0x03, 0xd0, 0xff, 0xfb, 0x03, 0x40, 0xbe, 0xf1, 0x03,
    0x00, 0x00, 0x00, 0x00, 0x00, 0x00, 0x00, 0x00, 0x00, 0x00, 0x00, 0x00, 0x00, 0x00, 0x00, 0x00,
    0x00, 0x00, 0x00, 0x00, 0x00, 0x00, 0x00, 0x00, 0x00, 0x00, 0x00, 0x00, 0x00, 0x00, 0x00, 0x00,
    0x00, 0x00, 0x00, 0x00, 0x00, 0x00, 0x00, 0x00, 0x00, 0x00, 0x00, 0x00, 0x00, 0x00, 0x00, 0x00,
    0x00, 0x64, 0x90, 0x00, 0x00, 0xfe, 0xf2, 0x00, 0x00, 0xdf, 0xbf, 0x00, 0x00, 0x0b, 0x2e, 0x00,
    0x00, 0x00, 0x00, 0x00, 0x00, 0x00, 0x00, 0x00, 0x00, 0xf8, 0x1b, 0x00, 0x00, 0xff, 0xbf, 0x00,
    0x80, 0xbf, 0xfe, 0x02, 0xd0, 0x0f, 0xf4, 0x03, 0x40, 0x05, 0xf0, 0x03, 0x00, 0x00, 0xf0, 0x03,
    0x00, 0xfe, 0xff, 0x03, 0xd0, 0xff, 0xff, 0x03, 0xe0, 0x07, 0xf0, 0x03, 0xf0, 0x03, 0xf0, 0x03,
    0xf0, 0x07, 0xf4, 0x03, 0xe0, 0xaf, 0xff, 0x03, 0xd0, 0xff, 0xfb, 0x03, 0x40, 0xbe, 0xf1, 0x03,
    0x00, 0x00, 0x00, 0x00, 0x00, 0x00, 0x00, 0x00, 0x00, 0x00, 0x00, 0x00, 0x00, 0x00, 0x00, 0x00,
    0x00, 0x00, 0x00, 0x00, 0x00, 0x00, 0x00, 0x00, 0x00, 0x00, 0x00, 0x00, 0x00, 0x00, 0x00, 0x00,
    0x00, 0x00, 0x00, 0x00, 0x00, 0x00, 0x00, 0x00, 0x00, 0x00, 0x00, 0x00, 0x00, 0x00, 0x00, 0x00,
    0x00, 0x1d, 0x74, 0x00, 0x00, 0x3f, 0xfc, 0x00, 0x00, 0x3f, 0xfc, 0x00, 0x00, 0x1d, 0x74, 0x00,
    0x00, 0x00, 0x00, 0x00, 0x00, 0x00, 0x00, 0x00, 0x00, 0xe4, 0x1b, 0x00, 0x00, 0xfe, 0xbf, 0x00,
    0x80, 0xbf, 0xfe, 0x02, 0xc0, 0x0b, 0xf4, 0x03, 0x40, 0x05, 0xf0, 0x03, 0x00, 0x00, 0xf0, 0x03,
    0x00, 0xfe, 0xff, 0x03, 0xd0, 0xff, 0xff, 0x03, 0xe0, 0x07, 0xf0, 0x03, 0xf0, 0x03, 0xf0, 0x03,
    0xf0, 0x07, 0xf8, 0x03, 0xe0, 0xaf, 0xff, 0x03, 0xd0, 0xff, 0xfb, 0x03, 0x40, 0xbe, 0xf1, 0x03,
    0x00, 0x00, 0x00, 0x00, 0x00, 0x00, 0x00, 0x00, 0x00, 0x00, 0x00, 0x00, 0x00, 0x00, 0x00, 0x00,
    0x00, 0x00, 0x00, 0x00, 0x00, 0x00, 0x00, 0x00, 0x00, 0x00, 0x00, 0x00, 0x00, 0x00, 0x00, 0x00,
    0x00, 0x00, 0x00, 0x00, 0x00, 0x00, 0x00, 0x00, 0x00, 0x90, 0x06, 0x00, 0x00, 0xf4, 0x1f, 0x00,
    0x00, 0x7c, 0x3d, 0x00, 0x00, 0x3c, 0x3c, 0x00, 0x00, 0x7c, 0x3d, 0x00, 0x00, 0xf4, 0x1f, 0x00,
    0x00, 0x90, 0x06, 0x00, 0x00, 0x00, 0x00, 0x00, 0x00, 0xf8, 0x1b, 0x00, 0x00, 0xff, 0xbf, 0x00,
    0x80, 0xbf, 0xfe, 0x02, 0xd0, 0x0f, 0xf4, 0x03, 0x40, 0x05, 0xf0, 0x03, 0x00, 0x00, 0xf0, 0x03,
    0x00, 0xfe, 0xff, 0x03, 0xd0, 0xff, 0xff, 0x03, 0xe0, 0x07, 0xf0, 0x03, 0xf0, 0x03, 0xf0, 0x03,
    0xf0, 0x07, 0xf8, 0x03, 0xe0, 0xaf, 0xff, 0x03, 0xd0, 0xff, 0xfb, 0x03, 0x40, 0xbe, 0xf1, 0x03,
    0x00, 0x00, 0x00, 0x00, 0x00, 0x00, 0x00, 0x00, 0x00, 0x00, 0x00, 0x00, 0x00, 0x00, 0x00, 0x00,
    0x00, 0x00, 0x00, 0x00, 0x00, 0x00, 0x00, 0x00, 0x00, 0x00, 0x00, 0x00, 0x00, 0x00, 0x00, 0x00,
    0x00, 0x00, 0x00, 0x00, 0x00, 0x00, 0x00, 0x00, 0x00, 0x00, 0x00, 0x00, 0x00, 0x00, 0x00, 0x00,
    0x00, 0x00, 0x00, 0x00, 0x00, 0x00, 0x00, 0x00, 0x00, 0x00, 0x00, 0x00, 0x00, 0x00, 0x00, 0x00,
    0x00, 0x00, 0x00, 0x00, 0x00, 0x00, 0x00, 0x00, 0x40, 0x6f, 0xf4, 0x06, 0xd0, 0xff, 0xfd, 0x1f,
    0xe0, 0xfb, 0xef, 0x2f, 0xf0, 0xc3, 0x0f, 0x3f, 0x00, 0xc0, 0x0f, 0x3f, 0x00, 0xc0, 0x0f, 0x3f,
    0x40, 0xfe, 0xff, 0x3f, 0xd0, 0xff, 0xff, 0x2f, 0xf0, 0xc3, 0x0f, 0x00, 0xf0, 0xc3, 0x0f, 0x00,
    0xf0, 0xc3, 0x0f, 0x15, 0xf0, 0xd7, 0x5f, 0x2f, 0xd0, 0xff, 0xfd, 0x1f, 0x40, 0x6f, 0xf4, 0x06,
    0x00, 0x00, 0x00, 0x00, 0x00, 0x00, 0x00, 0x00, 0x00, 0x00, 0x00, 0x00, 0x00, 0x00, 0x00, 0x00,
    0x00, 0x00, 0x00, 0x00, 0x00, 0x00, 0x00, 0x00, 0x00, 0x00, 0x00, 0x00, 0x00, 0x00, 0x00, 0x00,
    0x00, 0x00, 0x00, 0x00, 0x00, 0x00, 0x00, 0x00, 0x00, 0x00, 0x00, 0x00, 0x00, 0x00, 0x00, 0x00,
    0x00, 0x00, 0x00, 0x00, 0x00, 0x00, 0x00, 0x00, 0x00, 0x00, 0x00, 0x00, 0x00, 0x00, 0x00, 0x00,
    0x00, 0x00, 0x00, 0x00, 0x00, 0x00, 0x00, 0x00, 0x00, 0xe4, 0x6f, 0x00, 0x00, 0xfd, 0xff, 0x02,
    0x40, 0xff, 0xfa, 0x07, 0x80, 0x2f, 0xd0, 0x0b, 0xc0, 0x0f, 0xc0, 0x0f, 0xc0, 0x0f, 0x00, 0x00,
    0xc0, 0x0f, 0x00, 0x00, 0xc0, 0x0f, 0x00, 0x00, 0xc0, 0x0f, 0x00, 0x00, 0xc0, 0x0f, 0xc0, 0x0f,
    0x80, 0x2f, 0xd0, 0x0b, 0x40, 0xff, 0xfa, 0x07, 0x00, 0xfd, 0xff, 0x02, 0x00, 0xe4, 0x6f, 0x00,
    0x00, 0xd0, 0x02, 0x00, 0x00, 0x40, 0x6e, 0x00, 0x00, 0x00, 0xbc, 0x00, 0x00, 0xe0, 0xbf, 0x00,
    0x00, 0xf0, 0x2f, 0x00, 0x00, 0x00, 0x00, 0x00, 0x00, 0x00, 0x00, 0x00, 0x00, 0x00, 0x00, 0x00,
    0x00, 0x00, 0x00, 0x00, 0x00, 0x00, 0x00, 0x00, 0x00, 0x00, 0x00, 0x00, 0x00, 0x00, 0x00, 0x00,
    0x00, 0xfc, 0x00, 0x00, 0x00, 0xf4, 0x02, 0x00, 0x00, 0xe0, 0x07, 0x00, 0x00, 0xc0, 0x0f, 0x00,
    0x00, 0x00, 0x00, 0x00, 0x00, 0x00, 0x00, 0x00, 0x00, 0xe4, 0x6f, 0x00, 0x00, 0xfe, 0xff, 0x01,
    0x40, 0xff, 0xfe, 0x07, 0x80, 0x2f, 0xe0, 0x0b, 0xc0, 0x0f, 0xc0, 0x0f, 0xc0, 0x0f, 0xc0, 0x0f,
    0xc0, 0xff, 0xff, 0x0f, 0xc0, 0xff, 0xff, 0x0f, 0xc0, 0x0f, 0x00, 0x00, 0xc0, 0x0f, 0x00, 0x00,
    0x80, 0x1f, 0xd0, 0x0b, 0x40, 0xff, 0xfa, 0x07, 0x00, 0xfd, 0xff, 0x02, 0x00, 0xe4, 0x6f, 0x00,
    0x00, 0x00, 0x00, 0x00, 0x00, 0x00, 0x00, 0x00, 0x00, 0x00, 0x00, 0x00, 0x00, 0x00, 0x00, 0x00,
    0x00, 0x00, 0x00, 0x00, 0x00, 0x00, 0x00, 0x00, 0x00, 0x00, 0x00, 0x00, 0x00, 0x00, 0x00, 0x00,
    0x00, 0x00, 0x00, 0x00, 0x00, 0x00, 0x00, 0x00, 0x00, 0x00, 0x00, 0x00, 0x00, 0x00, 0x00, 0x00,
    0x00, 0x00, 0xfc, 0x00, 0x00, 0x00, 0x7e, 0x00, 0x00, 0x40, 0x2f, 0x00, 0x00, 0xc0, 0x0f, 0x00,
    0x00, 0x00, 0x00, 0x00, 0x00, 0x00, 0x00, 0x00, 0x00, 0xe4, 0x6f, 0x00, 0x00, 0xfe, 0xff, 0x01,
    0x40, 0xff, 0xfe, 0x07, 0x80, 0x2f, 0xe0, 0x0b, 0xc0, 0x0f, 0xc0, 0x0f, 0xc0, 0x0f, 0xc0, 0x0f,
    0xc0, 0xff, 0xff, 0x0f, 0xc0, 0xff, 0xff, 0x0f, 0xc0, 0x0f, 0x00, 0x00, 0xc0, 0x0f, 0x00, 0x00,
    0x80, 0x1f, 0xd0, 0x0b, 0x40, 0xff, 0xfa, 0x07, 0x00, 0xfd, 0xff, 0x02, 0x00, 0xe4, 0x6f, 0x00,
    0x00, 0x00, 0x00, 0x00, 0x00, 0x00, 0x00, 0x00, 0x00, 0x00, 0x00, 0x00, 0x00, 0x00, 0x00, 0x00,
    0x00, 0x00, 0x00, 0x00, 0x00, 0x00, 0x00, 0x00, 0x00, 0x00, 0x00, 0x00, 0x00, 0x00, 0x00, 0x00,
    0x00, 0x00, 0x00, 0x00, 0x00, 0x00, 0x00, 0x00, 0x00, 0x00, 0x00, 0x00, 0x00, 0x00, 0x00, 0x00,
    0x00, 0xd0, 0x1f, 0x00, 0x00, 0xf4, 0x7f, 0x00, 0x00, 0xbd, 0xf8, 0x01, 0x00, 0x19, 0x90, 0x01,
    0x00, 0x00, 0x00, 0x00, 0x00, 0x00, 0x00, 0x00, 0x00, 0xe4, 0x6f, 0x00, 0x00, 0xfe, 0xff, 0x01,
    0x40, 0xff, 0xfe, 0x07, 0x80, 0x2f, 0xe0, 0x0b, 0xc0, 0x0f, 0xc0, 0x0f, 0xc0, 0x0f, 0xc0, 0x0f,
    0xc0, 0xff, 0xff, 0x0f, 0xc0, 0xff, 0xff, 0x0f, 0xc0, 0x0f, 0x00, 0x00, 0xc0, 0x0f, 0x00, 0x00,
    0x80, 0x1f, 0xd0, 0x0b, 0x40, 0xff, 0xfa, 0x07, 0x00, 0xfd, 0xff, 0x02, 0x00, 0xe4, 0x6f, 0x00,
    0x00, 0x00, 0x00, 0x00, 0x00, 0x00, 0x00, 0x00, 0x00, 0x00, 0x00, 0x00, 0x00, 0x00, 0x00, 0x00,
    0x00, 0x00, 0x00, 0x00, 0x00, 0x00, 0x00, 0x00, 0x00, 0x00, 0x00, 0x00, 0x00, 0x00, 0x00, 0x00,
    0x00, 0x00, 0x00, 0x00, 0x00, 0x00, 0x00, 0x00, 0x00, 0x00, 0x00, 0x00, 0x00, 0x00, 0x00, 0x00,
    0x00, 0x1d, 0xd0, 0x01, 0x00, 0x3f, 0xf0, 0x03, 0x00, 0x3f, 0xf0, 0x03, 0x00, 0x1d, 0xd0, 0x01,
    0x00, 0x00, 0x00, 0x00, 0x00, 0x00, 0x00, 0x00, 0x00, 0xe4, 0x6f, 0x00, 0x00, 0xfe, 0xff, 0x01,
    0x40, 0xff, 0xfe, 0x07, 0x80, 0x2f, 0xe0, 0x0b, 0xc0, 0x0f, 0xc0, 0x0f, 0xc0, 0x0f, 0xc0, 0x0f,
    0xc0, 0xff, 0xff, 0x0f, 0xc0, 0xff, 0xff, 0x0f, 0xc0, 0x0f, 0x00, 0x00, 0xc0, 0x0f, 0x00, 0x00,
    0x80, 0x1f, 0xd0, 0x0b, 0x40, 0xff, 0xfa, 0x07, 0x00, 0xfd, 0xff, 0x02, 0x00, 0xe4, 0x6f, 0x00,
    0x00, 0x00, 0x00, 0x00, 0x00, 0x00, 0x00, 0x00, 0x00, 0x00, 0x00, 0x00, 0x00, 0x00, 0x00, 0x00,
    0x00, 0x00, 0x00, 0x00, 0x00, 0x00, 0x00, 0x00, 0x00, 0x00, 0x00, 0x00, 0x00, 0x00, 0x00, 0x00,
    0x00, 0x00, 0x00, 0x00, 0x00, 0x00, 0x00, 0x00, 0x00, 0x00, 0x00, 0x00, 0x00, 0x00, 0x00, 0x00,
    0x00, 0xf8, 0x02, 0x00, 0x00, 0xf0, 0x07, 0x00, 0x00, 0xd0, 0x0f, 0x00, 0x00, 0x40, 0x2f, 0x00,
    0x00, 0x00, 0x00, 0x00, 0x00, 0x00, 0x00, 0x00, 0x40, 0xff, 0x3f, 0x00, 0x40, 0xff, 0x3f, 0x00,
    0x40, 0xaa, 0x3f, 0x00, 0x00, 0x00, 0x3f, 0x00, 0x00, 0x00, 0x3f, 0x00, 0x00, 0x00, 0x3f, 0x00,
    0x00, 0x00, 0x3f, 0x00, 0x00, 0x00, 0x3f, 0x00, 0x00, 0x00, 0x3f, 0x00, 0x00, 0x00, 0x3f, 0x00,
    0x00, 0x00, 0x3f, 0x00, 0x80, 0xaa, 0xbf, 0x2a, 0xc0, 0xff, 0xff, 0x3f, 0xc0, 0xff, 0xff, 0x3f,
    0x00, 0x00, 0x00, 0x00, 0x00, 0x00, 0x00, 0x00, 0x00, 0x00, 0x00, 0x00, 0x00, 0x00, 0x00, 0x00,
    0x00, 0x00, 0x00, 0x00, 0x00, 0x00, 0x00, 0x00, 0x00, 0x00, 0x00, 0x00, 0x00, 0x00, 0x00, 0x00,
    0x00, 0x00, 0x00, 0x00, 0x00, 0x00, 0x00, 0x00, 0x00, 0x00, 0x00, 0x00, 0x00, 0x00, 0x00, 0x00,
    0x00, 0x00, 0xf4, 0x02, 0x00, 0x00, 0xfc, 0x00, 0x00, 0x00, 0x7e, 0x00, 0x00, 0x40, 0x2f, 0x00,
    0x00, 0x00, 0x00, 0x00, 0x00, 0x00, 0x00, 0x00, 0x40, 0xff, 0x3f, 0x00, 0x40, 0xff, 0x3f, 0x00,
    0x40, 0xaa, 0x3f, 0x00, 0x00, 0x00, 0x3f, 0x00, 0x00, 0x00, 0x3f, 0x00, 0x00, 0x00, 0x3f, 0x00,
    0x00, 0x00, 0x3f, 0x00, 0x00, 0x00, 0x3f, 0x00, 0x00, 0x00, 0x3f, 0x00, 0x00, 0x00, 0x3f, 0x00,
    0x00, 0x00, 0x3f, 0x00, 0x80, 0xaa, 0xbf, 0x2a, 0xc0, 0xff, 0xff, 0x3f, 0xc0, 0xff, 0xff, 0x3f,
    0x00, 0x00, 0x00, 0x00, 0x00, 0x00, 0x00, 0x00, 0x00, 0x00, 0x00, 0x00, 0x00, 0x00, 0x00, 0x00,
    0x00, 0x00, 0x00, 0x00, 0x00, 0x00, 0x00, 0x00, 0x00, 0x00, 0x00, 0x00, 0x00, 0x00, 0x00, 0x00,
    0x00, 0x00, 0x00, 0x00, 0x00, 0x00, 0x00, 0x00, 0x00, 0x00, 0x00, 0x00, 0x00, 0x00, 0x00, 0x00,
    0x00, 0x40, 0x1a, 0x00, 0x00, 0xd0, 0xbf, 0x00, 0x00, 0xf4, 0xf6, 0x01, 0x00, 0xbd, 0xd0, 0x07,
    0x00, 0x00, 0x00, 0x00, 0x00, 0x00, 0x00, 0x00, 0x40, 0xff, 0x3f, 0x00, 0x40, 0xff, 0x3f, 0x00,
    0x40, 0xaa, 0x3f, 0x00, 0x00, 0x00, 0x3f, 0x00, 0x00, 0x00, 0x3f, 0x00, 0x00, 0x00, 0x3f, 0x00,
    0x00, 0x00, 0x3f, 0x00, 0x00, 0x00, 0x3f, 0x00, 0x00, 0x00, 0x3f, 0x00, 0x00, 0x00, 0x3f, 0x00,
    0x00, 0x00, 0x3f, 0x00, 0x80, 0xaa, 0xbf, 0x2a, 0xc0, 0xff, 0xff, 0x3f, 0xc0, 0xff, 0xff, 0x3f,
    0x00, 0x00, 0x00, 0x00, 0x00, 0x00, 0x00, 0x00, 0x00, 0x00, 0x00, 0x00, 0x00, 0x00, 0x00, 0x00,
    0x00, 0x00, 0x00, 0x00, 0x00, 0x00, 0x00, 0x00, 0x00, 0x00, 0x00, 0x00, 0x00, 0x00, 0x00, 0x00,
    0x00, 0x00, 0x00, 0x00, 0x00, 0x00, 0x00, 0x00, 0x00, 0x00, 0x00, 0x00, 0x00, 0x00, 0x00, 0x00,
    0x00, 0x1d, 0xd0, 0x01, 0x00, 0x3f, 0xf0, 0x03, 0x00, 0x3f, 0xf0, 0x03, 0x00, 0x1d, 0xd0, 0x01,
    0x00, 0x00, 0x00, 0x00, 0x00, 0x00, 0x00, 0x00, 0x80, 0xff, 0x3f, 0x00, 0x80, 0xff, 0x3f, 0x00,
    0x40, 0xaa, 0x3f, 0x00, 0x00, 0x00, 0x3f, 0x00, 0x00, 0x00, 0x3f, 0x00, 0x00, 0x00, 0x3f, 0x00,
    0x00, 0x00, 0x3f, 0x00, 0x00, 0x00, 0x3f, 0x00, 0x00, 0x00, 0x3f, 0x00, 0x00, 0x00, 0x3f, 0x00,
    0x00, 0x00, 0x3f, 0x00, 0x80, 0xaa, 0xbf, 0x2a, 0xc0, 0xff, 0xff, 0x3f, 0xc0, 0xff, 0xff, 0x3f,
    0x00, 0x00, 0x00, 0x00, 0x00, 0x00, 0x00, 0x00, 0x00, 0x00, 0x00, 0x00, 0x00, 0x00, 0x00, 0x00,
    0x00, 0x00, 0x00, 0x00, 0x00, 0x00, 0x00, 0x00, 0x00, 0x00, 0x00, 0x00, 0x00, 0x00, 0x00, 0x00,
    0x00, 0x00, 0x00, 0x00, 0x00, 0x00, 0x00, 0x00, 0x00, 0x00, 0x00, 0x00, 0x00, 0x00, 0x00, 0x00,
    0x00, 0x00, 0x00, 0x00, 0x00, 0x00, 0x00, 0x00, 0x00, 0xfd, 0xe4, 0x01, 0x00, 0xf8, 0xff, 0x01,
    0x00, 0xf9, 0x6f, 0x00, 0x80, 0xff, 0x1f, 0x00, 0x80, 0x4b, 0x3f, 0x00, 0x40, 0x00, 0xbe, 0x00,
    0x00, 0x50, 0xf8, 0x01, 0x00, 0xfe, 0xf7, 0x02, 0x80, 0xff, 0xff, 0x07, 0xd0, 0x1f, 0xf4, 0x07,
    0xe0, 0x07, 0xd0, 0x0b, 0xf0, 0x03, 0xc0, 0x0f, 0xf0, 0x03, 0xc0, 0x0f, 0xf0, 0x07, 0xd0, 0x0b,
    0xe0, 0x0b, 0xf0, 0x07, 0xc0, 0xbf, 0xfe, 0x03, 0x40, 0xff, 0xff, 0x01, 0x00, 0xf8, 0x1b, 0x00,
    0x00, 0x00, 0x00, 0x00, 0x00, 0x00, 0x00, 0x00, 0x00, 0x00, 0x00, 0x00, 0x00, 0x00, 0x00, 0x00,
    0x00, 0x00, 0x00, 0x00, 0x00, 0x00, 0x00, 0x00, 0x00, 0x00, 0x00, 0x00, 0x00, 0x00, 0x00, 0x00,
    0x00, 0x00, 0x00, 0x00, 0x00, 0x00, 0x00, 0x00, 0x00, 0x00, 0x00, 0x00, 0x00, 0x00, 0x00, 0x00,
    0x00, 0xa4, 0x80, 0x01, 0x00, 0xfd, 0xd7, 0x02, 0x00, 0xae, 0xff, 0x02, 0x00, 0x0e, 0xbd, 0x00,
    0x00, 0x00, 0x00, 0x00, 0x00, 0x00, 0x00, 0x00, 0xc0, 0x4f, 0xbf, 0x00, 0xc0, 0xdf, 0xff, 0x02,
    0xc0, 0xff, 0xfe, 0x07, 0xc0, 0x2f, 0xe0, 0x0b, 0xc0, 0x0f, 0xc0, 0x0f, 0xc0, 0x0f, 0xc0, 0x0f,
    0xc0, 0x0f, 0xc0, 0x0f, 0xc0, 0x0f, 0xc0, 0x0f, 0xc0, 0x0f, 0xc0, 0x0f, 0xc0, 0x0f, 0xc0, 0x0f,
    0xc0, 0x0f, 0xc0, 0x0f, 0xc0, 0x0f, 0xc0, 0x0f, 0xc0, 0x0f, 0xc0, 0x0f, 0xc0, 0x0f, 0xc0, 0x0f,
    0x00, 0x00, 0x00, 0x00, 0x00, 0x00, 0x00, 0x00, 0x00, 0x00, 0x00, 0x00, 0x00, 0x00, 0x00, 0x00,
    0x00, 0x00, 0x00, 0x00, 0x00, 0x00, 0x00, 0x00, 0x00, 0x00, 0x00, 0x00, 0x00, 0x00, 0x00, 0x00,
    0x00, 0x00, 0x00, 0x00, 0x00, 0x00, 0x00, 0x00, 0x00, 0x00, 0x00, 0x00, 0x00, 0x00, 0x00, 0x00,
    0x00, 0xfc, 0x00, 0x00, 0x00, 0xf4, 0x02, 0x00, 0x00, 0xe0, 0x07, 0x00, 0x00, 0xc0, 0x0f, 0x00,
    0x00, 0x00, 0x00, 0x00, 0x00, 0x00, 0x00, 0x00, 0x00, 0xe4, 0x6f, 0x00, 0x00, 0xfe, 0xff, 0x01,
    0x40, 0xff, 0xfe, 0x07, 0x80, 0x2f, 0xe0, 0x0b, 0xc0, 0x0f, 0xc0, 0x0b, 0xc0, 0x0f, 0xc0, 0x0f,
    0xc0, 0x0f, 0xc0, 0x0f, 0xc0, 0x0f, 0xc0, 0x0f, 0xc0, 0x0f, 0xc0, 0x0f, 0xc0, 0x0f, 0xc0, 0x0b,
    0x80, 0x2f, 0xe0, 0x0b, 0x40, 0xff, 0xfe, 0x07, 0x00, 0xfe, 0xff, 0x01, 0x00, 0xe4, 0x6f, 0x00,
    0x00, 0x00, 0x00, 0x00, 0x00, 0x00, 0x00, 0x00, 0x00, 0x00, 0x00, 0x00, 0x00, 0x00, 0x00, 0x00,
    0x00, 0x00, 0x00, 0x00, 0x00, 0x00, 0x00, 0x00, 0x00, 0x00, 0x00, 0x00, 0x00, 0x00, 0x00, 0x00,
    0x00, 0x00, 0x00, 0x00, 0x00, 0x00, 0x00, 0x00, 0x00, 0x00, 0x00, 0x00, 0x00, 0x00, 0x00, 0x00,
    0x00, 0x00, 0xfc, 0x00, 0x00, 0x00, 0x7e, 0x00, 0x00, 0x40, 0x2f, 0x00, 0x00, 0xc0, 0x0f, 0x00,
    0x00, 0x00, 0x00, 0x00, 0x00, 0x00, 0x00, 0x00, 0x00, 0xe4, 0x6f, 0x00, 0x00, 0xfe, 0xff, 0x01,
    0x40, 0xff, 0xfe, 0x07, 0x80, 0x2f, 0xe0, 0x0b, 0xc0, 0x0f, 0xc0, 0x0b, 0xc0, 0x0f, 0xc0, 0x0f,
    0xc0, 0x0f, 0xc0, 0x0f, 0xc0, 0x0f, 0xc0, 0x0f, 0xc0, 0x0f, 0xc0, 0x0f, 0xc0, 0x0f, 0xc0, 0x0b,
    0x80, 0x2f, 0xe0, 0x0b, 0x40, 0xff, 0xfe, 0x07, 0x00, 0xfe, 0xff, 0x01, 0x00, 0xe4, 0x6f, 0x00,
    0x00, 0x00, 0x00, 0x00, 0x00, 0x00, 0x00, 0x00, 0x00, 0x00, 0x00, 0x00, 0x00, 0x00, 0x00, 0x00,
    0x00, 0x00, 0x00, 0x00, 0x00, 0x00, 0x00, 0x00, 0x00, 0x00, 0x00, 0x00, 0x00, 0x00, 0x00, 0x00,
    0x00, 0x00, 0x00, 0x00, 0x00, 0x00, 0x00, 0x00, 0x00, 0x00, 0x00, 0x00, 0x00, 0x00, 0x00, 0x00,
    0x00, 0xd0, 0x1f, 0x00, 0x00, 0xf4, 0x7f, 0x00, 0x00, 0xbd, 0xf8, 0x01, 0x00, 0x19, 0x90, 0x01,
    0x00, 0x00, 0x00, 0x00, 0x00, 0x00, 0x00, 0x00, 0x00, 0xe4, 0x6f, 0x00, 0x00, 0xfe, 0xff, 0x01,
    0x40, 0xff, 0xfe, 0x07, 0x80, 0x2f, 0xe0, 0x0b, 0xc0, 0x0f, 0xc0, 0x0b, 0xc0, 0x0f, 0xc0, 0x0f,
    0xc0, 0x0f, 0xc0, 0x0f, 0xc0, 0x0f, 0xc0, 0x0f, 0xc0, 0x0f, 0xc0, 0x0f, 0xc0, 0x0f, 0xc0, 0x0b,
    0x80, 0x2f, 0xe0, 0x0b, 0x40, 0xff, 0xfe, 0x07, 0x00, 0xfe, 0xff, 0x01, 0x00, 0xe4, 0x6f, 0x00,
    0x00, 0x00, 0x00, 0x00, 0x00, 0x00, 0x00, 0x00, 0x00, 0x00, 0x00, 0x00, 0x00, 0x00, 0x00, 0x00,
    0x00, 0x00, 0x00, 0x00, 0x00, 0x00, 0x00, 0x00, 0x00, 0x00, 0x00, 0x00, 0x00, 0x00, 0x00, 0x00,
    0x00, 0x00, 0x00, 0x00, 0x00, 0x00, 0x00, 0x00, 0x00, 0x00, 0x00, 0x00, 0x00, 0x00, 0x00, 0x00,
    0x00, 0xa4, 0x80, 0x01, 0x00, 0xfd, 0xd7, 0x02, 0x00, 0xae, 0xff, 0x02, 0x00, 0x0e, 0xbd, 0x00,
    0x00, 0x00, 0x00, 0x00, 0x00, 0x00, 0x00, 0x00, 0x00, 0xe4, 0x6f, 0x00, 0x00, 0xfe, 0xff, 0x01,
    0x40, 0xff, 0xfe, 0x07, 0x80, 0x2f, 0xe0, 0x0b, 0xc0, 0x0f, 0xc0, 0x0b, 0xc0, 0x0f, 0xc0, 0x0f,
    0xc0, 0x0f, 0xc0, 0x0f, 0xc0, 0x0f, 0xc0, 0x0f, 0xc0, 0x0f, 0xc0, 0x0f, 0xc0, 0x0f, 0xc0, 0x0b,
    0x80, 0x2f, 0xe0, 0x0b, 0x40, 0xff, 0xfe, 0x07, 0x00, 0xfe, 0xff, 0x01, 0x00, 0xe4, 0x6f, 0x00,
    0x00, 0x00, 0x00, 0x00, 0x00, 0x00, 0x00, 0x00, 0x00, 0x00, 0x00, 0x00, 0x00, 0x00, 0x00, 0x00,
    0x00, 0x00, 0x00, 0x00, 0x00, 0x00, 0x00, 0x00, 0x00, 0x00, 0x00, 0x00, 0x00, 0x00, 0x00, 0x00,
    0x00, 0x00, 0x00, 0x00, 0x00, 0x00, 0x00, 0x00, 0x00, 0x00, 0x00, 0x00, 0x00, 0x00, 0x00, 0x00,
    0x00, 0x1d, 0xd0, 0x01, 0x00, 0x3f, 0xf0, 0x03, 0x00, 0x3f, 0xf0, 0x03, 0x00, 0x1d, 0xd0, 0x01,
    0x00, 0x00, 0x00, 0x00, 0x00, 0x00, 0x00, 0x00, 0x00, 0xe4, 0x6f, 0x00, 0x00, 0xfe, 0xff, 0x01,
    0x40, 0xff, 0xfe, 0x07, 0x80, 0x2f, 0xe0, 0x0b, 0xc0, 0x0f, 0xc0, 0x0b, 0xc0, 0x0f, 0xc0, 0x0f,
    0xc0, 0x0f, 0xc0, 0x0f, 0xc0, 0x0f, 0xc0, 0x0f, 0xc0, 0x0f, 0xc0, 0x0f, 0xc0, 0x0f, 0xc0, 0x0b,
    0x80, 0x2f, 0xe0, 0x0b, 0x40, 0xff, 0xfe, 0x07, 0x00, 0xfe, 0xff, 0x01, 0x00, 0xe4, 0x6f, 0x00,
    0x00, 0x00, 0x00, 0x00, 0x00, 0x00, 0x00, 0x00, 0x00, 0x00, 0x00, 0x00, 0x00, 0x00, 0x00, 0x00,
    0x00, 0x00, 0x00, 0x00, 0x00, 0x00, 0x00, 0x00, 0x00, 0x00, 0x00, 0x00, 0x00, 0x00, 0x00, 0x00,
    0x00, 0x00, 0x00, 0x00, 0x00, 0x00, 0x00, 0x00, 0x00, 0x00, 0x00, 0x00, 0x00, 0x00, 0x00, 0x00,
    0x00, 0x00, 0x00, 0x00, 0x00, 0x00, 0x00, 0x00, 0x00, 0x00, 0x00, 0x00, 0x00, 0x00, 0x00, 0x00,
    0x00, 0x00, 0x00, 0x00, 0x00, 0x90, 0x06, 0x00, 0x00, 0xf0, 0x0f, 0x00, 0x00, 0xe0, 0x0b, 0x00,
    0x00, 0x00, 0x00, 0x00, 0x00, 0x00, 0x00, 0x00, 0x80, 0xaa, 0xaa, 0x02, 0xc0, 0xff, 0xff, 0x03,
    0xc0, 0xff, 0xff, 0x03, 0x00, 0x00, 0x00, 0x00, 0x00, 0x00, 0x00, 0x00, 0x00, 0x90, 0x06, 0x00,
    0x00, 0xf0, 0x0f, 0x00, 0x00, 0xe0, 0x0b, 0x00, 0x00, 0x00, 0x00, 0x00, 0x00, 0x00, 0x00, 0x00,
    0x00, 0x00, 0x00, 0x00, 0x00, 0x00, 0x00, 0x00, 0x00, 0x00, 0x00, 0x00, 0x00, 0x00, 0x00, 0x00,
    0x00, 0x00, 0x00, 0x00, 0x00, 0x00, 0x00, 0x00, 0x00, 0x00, 0x00, 0x00, 0x00, 0x00, 0x00, 0x00,
    0x00, 0x00, 0x00, 0x00, 0x00, 0x00, 0x00, 0x00, 0x00, 0x00, 0x00, 0x00, 0x00, 0x00, 0x00, 0x00,
    0x00, 0x00, 0x00, 0x00, 0x00, 0x00, 0x00, 0x00, 0x00, 0x00, 0x00, 0x00, 0x00, 0x00, 0x00, 0x00,
    0x00, 0x00, 0x00, 0x00, 0x00, 0x00, 0x00, 0x2f, 0x00, 0xe4, 0xef, 0x0f, 0x00, 0xfe, 0xff, 0x07,
    0x40, 0xff, 0xfe, 0x07, 0x80, 0x2f, 0xf8, 0x0b, 0xc0, 0x0f, 0xfd, 0x0b, 0xc0, 0x0f, 0xef, 0x0f,
    0xc0, 0x8f, 0xcf, 0x0f, 0xc0, 0xdf, 0xc7, 0x0f, 0xc0, 0xff, 0xc2, 0x0f, 0xc0, 0xff, 0xc0, 0x0b,
    0x80, 0x7f, 0xe0, 0x0b, 0x40, 0xff, 0xfe, 0x07, 0x80, 0xff, 0xff, 0x01, 0xd0, 0xe7, 0x6f, 0x00,
    0x90, 0x01, 0x00, 0x00, 0x00, 0x00, 0x00, 0x00, 0x00, 0x00, 0x00, 0x00, 0x00, 0x00, 0x00, 0x00,
    0x00, 0x00, 0x00, 0x00, 0x00, 0x00, 0x00, 0x00, 0x00, 0x00, 0x00, 0x00, 0x00, 0x00, 0x00, 0x00,
    0x00, 0x00, 0x00, 0x00, 0x00, 0x00, 0x00, 0x00, 0x00, 0x00, 0x00, 0x00, 0x00, 0x00, 0x00, 0x00,
    0x00, 0xfd, 0x00, 0x00, 0x00, 0xf8, 0x02, 0x00, 0x00, 0xe0, 0x07, 0x00, 0x00, 0xc0, 0x0f, 0x00,
    0x00, 0x00, 0x00, 0x00, 0x00, 0x00, 0x00, 0x00, 0xc0, 0x0f, 0xc0, 0x0f, 0xc0, 0x0f, 0xc0, 0x0f,
    0xc0, 0x0f, 0xc0, 0x0f, 0xc0, 0x0f, 0xc0, 0x0f, 0xc0, 0x0f, 0xc0, 0x0f, 0xc0, 0x0f, 0xc0, 0x0f,
    0xc0, 0x0f, 0xc0, 0x0f, 0xc0, 0x0f, 0xc0, 0x0f, 0xc0, 0x0f, 0xc0, 0x0f, 0xc0, 0x0f, 0xc0, 0x0b,
    0x80, 0x2f, 0xe0, 0x0b, 0x40, 0xff, 0xfe, 0x07, 0x00, 0xfe, 0xff, 0x01, 0x00, 0xe4, 0x6f, 0x00,
    0x00, 0x00, 0x00, 0x00, 0x00, 0x00, 0x00, 0x00, 0x00, 0x00, 0x00, 0x00, 0x00, 0x00, 0x00, 0x00,
    0x00, 0x00, 0x00, 0x00, 0x00, 0x00, 0x00, 0x00, 0x00, 0x00, 0x00, 0x00, 0x00, 0x00, 0x00, 0x00,
    0x00, 0x00, 0x00, 0x00, 0x00, 0x00, 0x00, 0x00, 0x00, 0x00, 0x00, 0x00, 0x00, 0x00, 0x00, 0x00,
    0x00, 0x00, 0xfc, 0x00, 0x00, 0x00, 0x7e, 0x00, 0x00, 0x40, 0x2f, 0x00, 0x00, 0xc0, 0x0f, 0x00,
    0x00, 0x00, 0x00, 0x00, 0x00, 0x00, 0x00, 0x00, 0xc0, 0x0f, 0xc0, 0x0f, 0xc0, 0x0f, 0xc0, 0x0f,
    0xc0, 0x0f, 0xc0, 0x0f, 0xc0, 0x0f, 0xc0, 0x0f, 0xc0, 0x0f, 0xc0, 0x0f, 0xc0, 0x0f, 0xc0, 0x0f,
    0xc0, 0x0f, 0xc0, 0x0f, 0xc0, 0x0f, 0xc0, 0x0f, 0xc0, 0x0f, 0xc0, 0x0f, 0xc0, 0x0f, 0xc0, 0x0b,
    0x80, 0x2f, 0xe0, 0x0b, 0x40, 0xff, 0xfe, 0x07, 0x00, 0xfe, 0xff, 0x01, 0x00, 0xe4, 0x6f, 0x00,
    0x00, 0x00, 0x00, 0x00, 0x00, 0x00, 0x00, 0x00, 0x00, 0x00, 0x00, 0x00, 0x00, 0x00, 0x00, 0x00,
    0x00, 0x00, 0x00, 0x00, 0x00, 0x00, 0x00, 0x00, 0x00, 0x00, 0x00, 0x00, 0x00, 0x00, 0x00, 0x00,
    0x00, 0x00, 0x00, 0x00, 0x00, 0x00, 0x00, 0x00, 0x00, 0x00, 0x00, 0x00, 0x00, 0x00, 0x00, 0x00,
    0x00, 0xd0, 0x1f, 0x00, 0x00, 0xf4, 0x7f, 0x00, 0x00, 0xbd, 0xf8, 0x01, 0x00, 0x19, 0x90, 0x01,
    0x00, 0x00, 0x00, 0x00, 0x00, 0x00, 0x00, 0x00, 0xc0, 0x0f, 0xc0, 0x0f, 0xc0, 0x0f, 0xc0, 0x0f,
    0xc0, 0x0f, 0xc0, 0x0f, 0xc0, 0x0f, 0xc0, 0x0f, 0xc0, 0x0f, 0xc0, 0x0f, 0xc0, 0x0f, 0xc0, 0x0f,
    0xc0, 0x0f, 0xc0, 0x0f, 0xc0, 0x0f, 0xc0, 0x0f, 0xc0, 0x0f, 0xc0, 0x0f, 0xc0, 0x0f, 0xc0, 0x0b,
    0x80, 0x2f, 0xe0, 0x0b, 0x40, 0xbf, 0xfe, 0x07, 0x00, 0xfe, 0xff, 0x01, 0x00, 0xe4, 0x6f, 0x00,
    0x00, 0x00, 0x00, 0x00, 0x00, 0x00, 0x00, 0x00, 0x00, 0x00, 0x00, 0x00, 0x00, 0x00, 0x00, 0x00,
    0x00, 0x00, 0x00, 0x00, 0x00, 0x00, 0x00, 0x00, 0x00, 0x00, 0x00, 0x00, 0x00, 0x00, 0x00, 0x00,
    0x00, 0x00, 0x00, 0x00, 0x00, 0x00, 0x00, 0x00, 0x00, 0x00, 0x00, 0x00, 0x00, 0x00, 0x00, 0x00,
    0x00, 0x1d, 0xd0, 0x01, 0x00, 0x3f, 0xf0, 0x03, 0x00, 0x3f, 0xf0, 0x03, 0x00, 0x1d, 0xd0, 0x01,
    0x00, 0x00, 0x00, 0x00, 0x00, 0x00, 0x00, 0x00, 0xc0, 0x0f, 0xc0, 0x0f, 0xc0, 0x0f, 0xc0, 0x0f,
    0xc0, 0x0f, 0xc0, 0x0f, 0xc0, 0x0f, 0xc0, 0x0f, 0xc0, 0x0f, 0xc0, 0x0f, 0xc0, 0x0f, 0xc0, 0x0f,
    0xc0, 0x0f, 0xc0, 0x0f, 0xc0, 0x0f, 0xc0, 0x0f, 0xc0, 0x0f, 0xc0, 0x0f, 0xc0, 0x0f, 0xc0, 0x0b,
    0x80, 0x2f, 0xe0, 0x0b, 0x40, 0xff, 0xfe, 0x07, 0x00, 0xfe, 0xff, 0x01, 0x00, 0xe4, 0x6f, 0x00,
    0x00, 0x00, 0x00, 0x00, 0x00, 0x00, 0x00, 0x00, 0x00, 0x00, 0x00, 0x00, 0x00, 0x00, 0x00, 0x00,
    0x00, 0x00, 0x00, 0x00, 0x00, 0x00, 0x00, 0x00, 0x00, 0x00, 0x00, 0x00, 0x00, 0x00, 0x00, 0x00,
    0x00, 0x00, 0x00, 0x00, 0x00, 0x00, 0x00, 0x00, 0x00, 0x00, 0x00, 0x00, 0x00, 0x00, 0x00, 0x00,
    0x00, 0x00, 0xbd, 0x00, 0x00, 0x00, 0x3f, 0x00, 0x00, 0x80, 0x1f, 0x00, 0x00, 0xd0, 0x0b, 0x00,
    0x00, 0x00, 0x00, 0x00, 0x00, 0x00, 0x00, 0x00, 0xf0, 0x07, 0x80, 0x1f, 0xd0, 0x0b, 0xc0, 0x0f,
    0xc0, 0x0f, 0xd0, 0x0b, 0x80, 0x1f, 0xe0, 0x07, 0x40, 0x2f, 0xf0, 0x03, 0x00, 0x3f, 0xf4, 0x01,
    0x00, 0x7e, 0xf8, 0x00, 0x00, 0xbd, 0xbc, 0x00, 0x00, 0xf8, 0x7d, 0x00, 0x00, 0xf4, 0x3f, 0x00,
    0x00, 0xf0, 0x2f, 0x00, 0x00, 0xe0, 0x1f, 0x00, 0x00, 0xd0, 0x0f, 0x00, 0x00, 0xd0, 0x0b, 0x00,
    0x00, 0xe0, 0x07, 0x00, 0x00, 0xf0, 0x03, 0x00, 0x00, 0xf4, 0x02, 0x00, 0x00, 0xf8, 0x01, 0x00,
    0x00, 0x00, 0x00, 0x00, 0x00, 0x00, 0x00, 0x00, 0x00, 0x00, 0x00, 0x00, 0x00, 0x00, 0x00, 0x00,
    0x00, 0x00, 0x00, 0x00, 0x00, 0x00, 0x00, 0x00, 0x00, 0x00, 0x00, 0x00, 0x00, 0x00, 0x00, 0x00,
    0x00, 0x00, 0x00, 0x00, 0x00, 0x00, 0x00, 0x00, 0xc0, 0x0f, 0x00, 0x00, 0xc0, 0x0f, 0x00, 0x00,
    0xc0, 0x0f, 0x00, 0x00, 0xc0, 0x0f, 0x00, 0x00, 0xc0, 0x8f, 0xbf, 0x00, 0xc0, 0xef, 0xff, 0x02,
    0xc0, 0xff, 0xfe, 0x07, 0xc0, 0x2f, 0xe0, 0x0b, 0xc0, 0x0f, 0xc0, 0x0f, 0xc0, 0x0f, 0xc0, 0x0f,
    0xc0, 0x0f, 0xc0, 0x0f, 0xc0, 0x0f, 0xc0, 0x0f, 0xc0, 0x0f, 0xc0, 0x0f, 0xc0, 0x0f, 0xc0, 0x0f,
    0xc0, 0x2f, 0xe0, 0x0b, 0xc0, 0xff, 0xfe, 0x07, 0xc0, 0xdf, 0xff, 0x02, 0xc0, 0x4f, 0xbf, 0x00,
    0xc0, 0x0f, 0x00, 0x00, 0xc0, 0x0f, 0x00, 0x00, 0xc0, 0x0f, 0x00, 0x00, 0xc0, 0x0f, 0x00, 0x00,
    0x00, 0x00, 0x00, 0x00, 0x00, 0x00, 0x00, 0x00, 0x00, 0x00, 0x00, 0x00, 0x00, 0x00, 0x00, 0x00,
    0x00, 0x00, 0x00, 0x00, 0x00, 0x00, 0x00, 0x00, 0x00, 0x00, 0x00, 0x00, 0x00, 0x00, 0x00, 0x00,
    0x00, 0x1d, 0xd0, 0x01, 0x00, 0x3f, 0xf0, 0x03, 0x00, 0x3f, 0xf0, 0x03, 0x00, 0x1d, 0xd0, 0x01,
    0x00, 0x00, 0x00, 0x00, 0x00, 0x00, 0x00, 0x00, 0xe0, 0x07, 0x40, 0x1f, 0xd0, 0x0b, 0x80, 0x0f,
    0xc0, 0x0f, 0xc0, 0x0b, 0x80, 0x2f, 0xd0, 0x07, 0x00, 0x3f, 0xe0, 0x03, 0x00, 0x7e, 0xf0, 0x02,
    0x00, 0xbd, 0xf4, 0x01, 0x00, 0xfc, 0xf8, 0x00, 0x00, 0xf8, 0xbd, 0x00, 0x00, 0xf4, 0x7f, 0x00,
    0x00, 0xf0, 0x3f, 0x00, 0x00, 0xe0, 0x2f, 0x00, 0x00, 0xd0, 0x1f, 0x00, 0x00, 0xe0, 0x0f, 0x00,
    0x00, 0xe0, 0x0b, 0x00, 0x00, 0xf0, 0x03, 0x00, 0x00, 0xf4, 0x02, 0x00, 0x00, 0xf8, 0x01, 0x00,
    0x00, 0x00, 0x00, 0x00, 0x00, 0x00, 0x00, 0x00, 0x00, 0x00, 0x00, 0x00, 0x00, 0x00, 0x00, 0x00,
};
